attendee_id,first_name,last_name,email,company,country,ticket_type
ATT00001,Robert,Taylor,robert.taylor@softwareinc.com,Smart Solutions,USA,Student
ATT00002,James,Johnson,james.johnson@datasystems.com,Data Systems,Australia,VIP
ATT00003,Jennifer,Taylor,jennifer.taylor@deventerprise.com,Dev Enterprise,Australia,Student
ATT00004,Olivia,Williams,olivia.williams@techcorp.com,Tech Corp,Australia,Regular
ATT00005,Sophia,Taylor,sophia.taylor@futuretech.com,Cloud Tech,Canada,Regular
ATT00006,Emma,Harris,emma.harris@cloudtech.com,Global Systems,Sweden,Speaker
ATT00007,Sophia,Brown,sophia.brown@cloudtech.com,Digital Solutions,France,Student
ATT00008,Emma,Martin,emma.martin@cloudtech.com,Innovation Labs,Canada,Regular
ATT00009,James,Jones,james.jones@digitalsolutions.com,Smart Solutions,Japan,VIP
ATT00010,Sophia,Johnson,sophia.johnson@deventerprise.com,Future Tech,France,Regular
ATT00011,Liam,Miller,liam.miller@smartsolutions.com,Smart Solutions,USA,Speaker
ATT00012,James,Brown,james.brown@globalsystems.com,Global Systems,Japan,Early Bird
ATT00013,John,Davis,john.davis@digitalsolutions.com,Tech Corp,France,Regular
ATT00014,Jennifer,Rodriguez,jennifer.rodriguez@globalsystems.com,Software Inc,Japan,VIP
ATT00015,Liam,Thomas,liam.thomas@globalsystems.com,Dev Enterprise,Singapore,Student
ATT00016,Olivia,Johnson,olivia.johnson@deventerprise.com,Cloud Tech,Germany,Speaker
ATT00017,William,Smith,william.smith@innovationlabs.com,Future Tech,Sweden,Speaker
ATT00018,Noah,Lee,noah.lee@smartsolutions.com,Smart Solutions,USA,Regular
ATT00019,Noah,White,noah.white@softwareinc.com,Data Systems,UK,Student
ATT00020,James,Rodriguez,james.rodriguez@techcorp.com,Digital Solutions,Japan,Regular
ATT00021,William,Martin,william.martin@digitalsolutions.com,Future Tech,Netherlands,Student
ATT00022,Sophia,Martin,sophia.martin@futuretech.com,Future Tech,Japan,Regular
ATT00023,John,Miller,john.miller@futuretech.com,Innovation Labs,France,Student
ATT00024,John,Thompson,john.thompson@softwareinc.com,Software Inc,Canada,Speaker
ATT00025,Patricia,Martinez,patricia.martinez@softwareinc.com,Digital Solutions,Australia,Regular
ATT00026,Patricia,Moore,patricia.moore@techcorp.com,Innovation Labs,Canada,Student
ATT00027,Linda,White,linda.white@globalsystems.com,Tech Corp,UK,Early Bird
ATT00028,Robert,Brown,robert.brown@softwareinc.com,Tech Corp,Netherlands,VIP
ATT00029,Mary,Martinez,mary.martinez@softwareinc.com,Dev Enterprise,Japan,Early Bird
ATT00030,John,Brown,john.brown@cloudtech.com,Smart Solutions,Canada,VIP
ATT00031,Michael,Lee,michael.lee@innovationlabs.com,Dev Enterprise,Canada,Student
ATT00032,Mary,Jackson,mary.jackson@innovationlabs.com,Tech Corp,Germany,Speaker
ATT00033,Elizabeth,Thomas,elizabeth.thomas@digitalsolutions.com,Software Inc,UK,Early Bird
ATT00034,Linda,Harris,linda.harris@deventerprise.com,Smart Solutions,Australia,VIP
ATT00035,Oliver,Moore,oliver.moore@smartsolutions.com,Global Systems,Canada,Early Bird
ATT00036,William,Thomas,william.thomas@softwareinc.com,Smart Solutions,Singapore,VIP
ATT00037,Elizabeth,Taylor,elizabeth.taylor@innovationlabs.com,Dev Enterprise,Japan,Student
ATT00038,Sophia,Williams,sophia.williams@smartsolutions.com,Digital Solutions,UK,Speaker
ATT00039,Emma,Smith,emma.smith@globalsystems.com,Tech Corp,Singapore,Regular
ATT00040,Barbara,Martin,barbara.martin@softwareinc.com,Global Systems,Singapore,Speaker
ATT00041,Elizabeth,Lee,elizabeth.lee@globalsystems.com,Cloud Tech,Australia,Student
ATT00042,James,Taylor,james.taylor@futuretech.com,Software Inc,Sweden,Speaker
ATT00043,Oliver,Johnson,oliver.johnson@innovationlabs.com,Global Systems,Canada,Student
ATT00044,Olivia,Williams,olivia.williams@cloudtech.com,Digital Solutions,Germany,Regular
ATT00045,Noah,Davis,noah.davis@globalsystems.com,Future Tech,France,Speaker
ATT00046,Liam,Harris,liam.harris@globalsystems.com,Software Inc,USA,Student
ATT00047,Sophia,Garcia,sophia.garcia@innovationlabs.com,Future Tech,Singapore,Speaker
ATT00048,Barbara,Johnson,barbara.johnson@softwareinc.com,Data Systems,Canada,Early Bird
ATT00049,Linda,Martinez,linda.martinez@smartsolutions.com,Innovation Labs,France,Early Bird
ATT00050,Alexander,Lee,alexander.lee@techcorp.com,Smart Solutions,Canada,Student
ATT00051,William,Moore,william.moore@innovationlabs.com,Innovation Labs,Singapore,Student
ATT00052,Michael,Brown,michael.brown@smartsolutions.com,Digital Solutions,Sweden,Early Bird
ATT00053,Olivia,Thompson,olivia.thompson@softwareinc.com,Smart Solutions,Australia,Early Bird
ATT00054,Elizabeth,Thomas,elizabeth.thomas@techcorp.com,Software Inc,Japan,Student
ATT00055,John,Martin,john.martin@cloudtech.com,Smart Solutions,USA,Student
ATT00056,David,Smith,david.smith@futuretech.com,Global Systems,France,Speaker
ATT00057,Michael,Garcia,michael.garcia@cloudtech.com,Data Systems,Canada,Regular
ATT00058,Noah,Harris,noah.harris@cloudtech.com,Digital Solutions,Netherlands,VIP
ATT00059,Alexander,Harris,alexander.harris@datasystems.com,Tech Corp,Singapore,Speaker
ATT00060,Barbara,Davis,barbara.davis@softwareinc.com,Data Systems,UK,Speaker
ATT00061,Mary,Harris,mary.harris@deventerprise.com,Data Systems,USA,Speaker
ATT00062,Liam,Garcia,liam.garcia@softwareinc.com,Future Tech,UK,VIP
ATT00063,James,Miller,james.miller@futuretech.com,Smart Solutions,Netherlands,Student
ATT00064,James,Jones,james.jones@datasystems.com,Smart Solutions,France,Speaker
ATT00065,John,Smith,john.smith@cloudtech.com,Global Systems,USA,Student
ATT00066,Alexander,Thompson,alexander.thompson@cloudtech.com,Data Systems,USA,Regular
ATT00067,James,Thompson,james.thompson@techcorp.com,Smart Solutions,UK,Student
ATT00068,Jennifer,Lee,jennifer.lee@innovationlabs.com,Tech Corp,Germany,Student
ATT00069,David,Rodriguez,david.rodriguez@cloudtech.com,Smart Solutions,Sweden,Early Bird
ATT00070,John,Williams,john.williams@innovationlabs.com,Dev Enterprise,Canada,Regular
ATT00071,Barbara,Lee,barbara.lee@futuretech.com,Data Systems,USA,Student
ATT00072,Emma,White,emma.white@smartsolutions.com,Future Tech,Australia,VIP
ATT00073,Robert,Anderson,robert.anderson@innovationlabs.com,Data Systems,France,Early Bird
ATT00074,David,Harris,david.harris@softwareinc.com,Tech Corp,Canada,Student
ATT00075,Olivia,Martin,olivia.martin@deventerprise.com,Global Systems,Australia,Student
ATT00076,James,Moore,james.moore@techcorp.com,Cloud Tech,Australia,Student
ATT00077,William,Lee,william.lee@futuretech.com,Innovation Labs,Canada,VIP
ATT00078,James,Miller,james.miller@datasystems.com,Cloud Tech,Singapore,Regular
ATT00079,John,Anderson,john.anderson@softwareinc.com,Data Systems,Japan,Speaker
ATT00080,Robert,Smith,robert.smith@deventerprise.com,Software Inc,Netherlands,Early Bird
ATT00081,Noah,Jackson,noah.jackson@innovationlabs.com,Smart Solutions,UK,Speaker
ATT00082,William,Harris,william.harris@deventerprise.com,Cloud Tech,Australia,Regular
ATT00083,Noah,Harris,noah.harris@datasystems.com,Future Tech,USA,VIP
ATT00084,William,Williams,william.williams@deventerprise.com,Digital Solutions,Australia,Speaker
ATT00085,Robert,Garcia,robert.garcia@digitalsolutions.com,Digital Solutions,Canada,Student
ATT00086,Elizabeth,Johnson,elizabeth.johnson@softwareinc.com,Data Systems,Japan,VIP
ATT00087,Mary,Miller,mary.miller@globalsystems.com,Smart Solutions,Australia,Early Bird
ATT00088,Olivia,White,olivia.white@deventerprise.com,Innovation Labs,Japan,Regular
ATT00089,Barbara,Davis,barbara.davis@futuretech.com,Cloud Tech,USA,Speaker
ATT00090,Barbara,Williams,barbara.williams@innovationlabs.com,Future Tech,Germany,Early Bird
ATT00091,Liam,Davis,liam.davis@digitalsolutions.com,Cloud Tech,Sweden,Speaker
ATT00092,James,Rodriguez,james.rodriguez@techcorp.com,Tech Corp,Japan,Speaker
ATT00093,Oliver,Taylor,oliver.taylor@deventerprise.com,Global Systems,USA,Regular
ATT00094,Mary,Anderson,mary.anderson@innovationlabs.com,Innovation Labs,Japan,Regular
ATT00095,Mary,Garcia,mary.garcia@futuretech.com,Data Systems,Sweden,Regular
ATT00096,Liam,Taylor,liam.taylor@globalsystems.com,Global Systems,Canada,Regular
ATT00097,William,Williams,william.williams@futuretech.com,Future Tech,UK,Early Bird
ATT00098,James,Rodriguez,james.rodriguez@innovationlabs.com,Smart Solutions,USA,Regular
ATT00099,Barbara,Thomas,barbara.thomas@innovationlabs.com,Digital Solutions,USA,Speaker
ATT00100,Liam,Martinez,liam.martinez@cloudtech.com,Future Tech,France,Speaker
ATT00101,Linda,Thomas,linda.thomas@techcorp.com,Smart Solutions,Singapore,Student
ATT00102,David,White,david.white@cloudtech.com,Future Tech,Netherlands,Early Bird
ATT00103,Elizabeth,Lee,elizabeth.lee@deventerprise.com,Future Tech,France,Early Bird
ATT00104,Ava,Harris,ava.harris@softwareinc.com,Dev Enterprise,Japan,Regular
ATT00105,Emma,Johnson,emma.johnson@datasystems.com,Smart Solutions,Germany,Student
ATT00106,Alexander,Smith,alexander.smith@deventerprise.com,Software Inc,Germany,Regular
ATT00107,Barbara,Jackson,barbara.jackson@innovationlabs.com,Smart Solutions,UK,Early Bird
ATT00108,Linda,Moore,linda.moore@techcorp.com,Data Systems,Singapore,Student
ATT00109,David,Lee,david.lee@globalsystems.com,Global Systems,France,VIP
ATT00110,Jennifer,Taylor,jennifer.taylor@datasystems.com,Global Systems,Canada,VIP
ATT00111,Oliver,Martin,oliver.martin@softwareinc.com,Software Inc,Netherlands,Student
ATT00112,Mary,White,mary.white@softwareinc.com,Smart Solutions,Japan,Speaker
ATT00113,Liam,Anderson,liam.anderson@innovationlabs.com,Tech Corp,Sweden,Student
ATT00114,David,Davis,david.davis@softwareinc.com,Cloud Tech,USA,Regular
ATT00115,Linda,Miller,linda.miller@innovationlabs.com,Tech Corp,Australia,Early Bird
ATT00116,William,Garcia,william.garcia@deventerprise.com,Data Systems,Sweden,Speaker
ATT00117,Noah,Miller,noah.miller@datasystems.com,Cloud Tech,Japan,Student
ATT00118,Alexander,Thomas,alexander.thomas@innovationlabs.com,Software Inc,France,Speaker
ATT00119,Emma,Miller,emma.miller@deventerprise.com,Smart Solutions,Germany,Speaker
ATT00120,Alexander,Anderson,alexander.anderson@datasystems.com,Global Systems,Canada,Early Bird
ATT00121,Emma,Miller,emma.miller@datasystems.com,Smart Solutions,France,Early Bird
ATT00122,John,Jones,john.jones@futuretech.com,Innovation Labs,Germany,Speaker
ATT00123,Linda,Garcia,linda.garcia@datasystems.com,Smart Solutions,USA,Speaker
ATT00124,Elizabeth,Lee,elizabeth.lee@smartsolutions.com,Digital Solutions,Singapore,Early Bird
ATT00125,Noah,Jones,noah.jones@futuretech.com,Global Systems,Singapore,VIP
ATT00126,Oliver,Anderson,oliver.anderson@techcorp.com,Software Inc,UK,VIP
ATT00127,Olivia,Moore,olivia.moore@smartsolutions.com,Dev Enterprise,Australia,Early Bird
ATT00128,Noah,Rodriguez,noah.rodriguez@futuretech.com,Smart Solutions,Japan,Student
ATT00129,Olivia,Johnson,olivia.johnson@smartsolutions.com,Innovation Labs,Japan,Early Bird
ATT00130,Emma,Thompson,emma.thompson@deventerprise.com,Future Tech,Singapore,Regular
ATT00131,John,Rodriguez,john.rodriguez@futuretech.com,Digital Solutions,France,Speaker
ATT00132,Robert,Harris,robert.harris@globalsystems.com,Cloud Tech,UK,Regular
ATT00133,Olivia,Davis,olivia.davis@innovationlabs.com,Cloud Tech,Singapore,VIP
ATT00134,Sophia,Jones,sophia.jones@techcorp.com,Cloud Tech,Australia,Regular
ATT00135,Robert,Jackson,robert.jackson@datasystems.com,Smart Solutions,Sweden,Speaker
ATT00136,Oliver,Martinez,oliver.martinez@smartsolutions.com,Smart Solutions,UK,Speaker
ATT00137,Ava,Brown,ava.brown@softwareinc.com,Cloud Tech,Netherlands,Speaker
ATT00138,David,Rodriguez,david.rodriguez@techcorp.com,Future Tech,Canada,VIP
ATT00139,Barbara,Anderson,barbara.anderson@deventerprise.com,Smart Solutions,France,Regular
ATT00140,Elizabeth,White,elizabeth.white@techcorp.com,Smart Solutions,Netherlands,Regular
ATT00141,Sophia,Jones,sophia.jones@globalsystems.com,Tech Corp,Netherlands,Early Bird
ATT00142,Robert,Miller,robert.miller@softwareinc.com,Digital Solutions,Netherlands,VIP
ATT00143,Oliver,Anderson,oliver.anderson@digitalsolutions.com,Future Tech,USA,Regular
ATT00144,Mary,Taylor,mary.taylor@futuretech.com,Cloud Tech,Canada,VIP
ATT00145,Barbara,Rodriguez,barbara.rodriguez@futuretech.com,Cloud Tech,Germany,Regular
ATT00146,Oliver,Anderson,oliver.anderson@softwareinc.com,Cloud Tech,Japan,Speaker
ATT00147,Jennifer,Johnson,jennifer.johnson@cloudtech.com,Tech Corp,Netherlands,Early Bird
ATT00148,Jennifer,Harris,jennifer.harris@datasystems.com,Dev Enterprise,Netherlands,Early Bird
ATT00149,Oliver,Jones,oliver.jones@techcorp.com,Data Systems,Netherlands,Early Bird
ATT00150,James,Anderson,james.anderson@softwareinc.com,Digital Solutions,Singapore,Student
ATT00151,Jennifer,Johnson,jennifer.johnson@techcorp.com,Future Tech,Canada,VIP
ATT00152,Patricia,White,patricia.white@globalsystems.com,Tech Corp,Germany,VIP
ATT00153,Linda,Johnson,linda.johnson@futuretech.com,Smart Solutions,USA,VIP
ATT00154,Ava,Smith,ava.smith@deventerprise.com,Software Inc,Canada,Early Bird
ATT00155,Mary,Harris,mary.harris@globalsystems.com,Digital Solutions,France,VIP
ATT00156,Mary,Rodriguez,mary.rodriguez@cloudtech.com,Innovation Labs,Sweden,VIP
ATT00157,Sophia,Harris,sophia.harris@innovationlabs.com,Future Tech,Germany,Regular
ATT00158,Mary,Harris,mary.harris@futuretech.com,Software Inc,Netherlands,Student
ATT00159,John,Martin,john.martin@cloudtech.com,Dev Enterprise,USA,Regular
ATT00160,Alexander,Johnson,alexander.johnson@digitalsolutions.com,Digital Solutions,France,Early Bird
ATT00161,Sophia,Miller,sophia.miller@digitalsolutions.com,Cloud Tech,Sweden,Speaker
ATT00162,James,Taylor,james.taylor@globalsystems.com,Data Systems,Sweden,Speaker
ATT00163,Robert,Jackson,robert.jackson@globalsystems.com,Software Inc,France,Student
ATT00164,Noah,Moore,noah.moore@innovationlabs.com,Future Tech,Netherlands,VIP
ATT00165,Olivia,White,olivia.white@digitalsolutions.com,Global Systems,Sweden,Early Bird
ATT00166,Ava,Smith,ava.smith@globalsystems.com,Tech Corp,Germany,Regular
ATT00167,Patricia,Jones,patricia.jones@deventerprise.com,Innovation Labs,Sweden,Student
ATT00168,David,Thompson,david.thompson@globalsystems.com,Future Tech,USA,Speaker
ATT00169,Robert,Jones,robert.jones@deventerprise.com,Innovation Labs,Netherlands,VIP
ATT00170,Alexander,Miller,alexander.miller@deventerprise.com,Data Systems,France,VIP
ATT00171,Linda,Garcia,linda.garcia@futuretech.com,Cloud Tech,France,Regular
ATT00172,Elizabeth,Williams,elizabeth.williams@datasystems.com,Future Tech,Japan,VIP
ATT00173,Linda,Johnson,linda.johnson@futuretech.com,Global Systems,Japan,VIP
ATT00174,Michael,Miller,michael.miller@globalsystems.com,Tech Corp,Singapore,Speaker
ATT00175,James,Rodriguez,james.rodriguez@globalsystems.com,Future Tech,USA,VIP
ATT00176,Liam,Williams,liam.williams@smartsolutions.com,Global Systems,Singapore,Speaker
ATT00177,Michael,Williams,michael.williams@futuretech.com,Digital Solutions,Australia,Regular
ATT00178,Liam,Smith,liam.smith@digitalsolutions.com,Digital Solutions,Japan,Speaker
ATT00179,Sophia,Williams,sophia.williams@techcorp.com,Data Systems,France,Speaker
ATT00180,Liam,Thomas,liam.thomas@globalsystems.com,Dev Enterprise,Japan,Student
ATT00181,Jennifer,Miller,jennifer.miller@deventerprise.com,Cloud Tech,Australia,Regular
ATT00182,Mary,Rodriguez,mary.rodriguez@smartsolutions.com,Innovation Labs,Germany,Early Bird
ATT00183,Mary,Smith,mary.smith@digitalsolutions.com,Smart Solutions,Netherlands,Regular
ATT00184,Sophia,Lee,sophia.lee@globalsystems.com,Tech Corp,Singapore,VIP
ATT00185,James,Davis,james.davis@globalsystems.com,Software Inc,Australia,Early Bird
ATT00186,Liam,Smith,liam.smith@cloudtech.com,Dev Enterprise,UK,VIP
ATT00187,Robert,Moore,robert.moore@globalsystems.com,Future Tech,Germany,Regular
ATT00188,Patricia,White,patricia.white@globalsystems.com,Cloud Tech,Sweden,Regular
ATT00189,John,Thomas,john.thomas@techcorp.com,Innovation Labs,Japan,Regular
ATT00190,Oliver,Smith,oliver.smith@digitalsolutions.com,Digital Solutions,Australia,Student
ATT00191,Sophia,Thompson,sophia.thompson@futuretech.com,Tech Corp,Australia,Early Bird
ATT00192,Olivia,Garcia,olivia.garcia@softwareinc.com,Tech Corp,Canada,VIP
ATT00193,Liam,Rodriguez,liam.rodriguez@cloudtech.com,Data Systems,UK,Early Bird
ATT00194,Olivia,Smith,olivia.smith@futuretech.com,Tech Corp,Netherlands,Speaker
ATT00195,Olivia,Thomas,olivia.thomas@digitalsolutions.com,Software Inc,USA,Regular
ATT00196,David,Brown,david.brown@techcorp.com,Cloud Tech,UK,VIP
ATT00197,Ava,Jones,ava.jones@smartsolutions.com,Innovation Labs,Netherlands,Student
ATT00198,David,Lee,david.lee@datasystems.com,Global Systems,UK,Early Bird
ATT00199,William,Miller,william.miller@futuretech.com,Future Tech,Germany,Regular
ATT00200,John,Anderson,john.anderson@cloudtech.com,Cloud Tech,Netherlands,Regular
ATT00201,Ava,Lee,ava.lee@softwareinc.com,Dev Enterprise,Canada,VIP
ATT00202,Noah,Anderson,noah.anderson@futuretech.com,Software Inc,Sweden,Early Bird
ATT00203,William,Johnson,william.johnson@smartsolutions.com,Software Inc,Japan,Speaker
ATT00204,William,Jones,william.jones@techcorp.com,Software Inc,Sweden,Student
ATT00205,David,Jackson,david.jackson@smartsolutions.com,Global Systems,UK,VIP
ATT00206,Sophia,Johnson,sophia.johnson@techcorp.com,Data Systems,Singapore,Regular
ATT00207,Barbara,Lee,barbara.lee@futuretech.com,Innovation Labs,Australia,Early Bird
ATT00208,Patricia,Brown,patricia.brown@cloudtech.com,Data Systems,Netherlands,Speaker
ATT00209,Ava,Smith,ava.smith@digitalsolutions.com,Software Inc,Japan,Regular
ATT00210,James,Harris,james.harris@cloudtech.com,Future Tech,France,Early Bird
ATT00211,Liam,Lee,liam.lee@datasystems.com,Software Inc,Germany,Speaker
ATT00212,Noah,Martinez,noah.martinez@softwareinc.com,Innovation Labs,France,Speaker
ATT00213,Linda,Thomas,linda.thomas@deventerprise.com,Dev Enterprise,UK,Early Bird
ATT00214,Patricia,Martin,patricia.martin@cloudtech.com,Tech Corp,Australia,Student
ATT00215,Liam,Davis,liam.davis@innovationlabs.com,Data Systems,Netherlands,Early Bird
ATT00216,Olivia,Thompson,olivia.thompson@smartsolutions.com,Software Inc,Sweden,VIP
ATT00217,Alexander,Garcia,alexander.garcia@softwareinc.com,Future Tech,Sweden,Student
ATT00218,Ava,Garcia,ava.garcia@globalsystems.com,Global Systems,Singapore,VIP
ATT00219,Michael,Williams,michael.williams@futuretech.com,Data Systems,Germany,Speaker
ATT00220,Sophia,Anderson,sophia.anderson@deventerprise.com,Future Tech,Japan,Early Bird
ATT00221,Alexander,Harris,alexander.harris@deventerprise.com,Data Systems,Netherlands,Early Bird
ATT00222,Ava,Harris,ava.harris@globalsystems.com,Dev Enterprise,UK,Early Bird
ATT00223,Barbara,Brown,barbara.brown@datasystems.com,Digital Solutions,Japan,Speaker
ATT00224,Robert,Rodriguez,robert.rodriguez@techcorp.com,Software Inc,UK,Regular
ATT00225,Linda,White,linda.white@cloudtech.com,Dev Enterprise,Japan,Student
ATT00226,James,Smith,james.smith@cloudtech.com,Innovation Labs,UK,Student
ATT00227,John,Davis,john.davis@digitalsolutions.com,Innovation Labs,USA,Early Bird
ATT00228,Mary,Harris,mary.harris@cloudtech.com,Smart Solutions,Japan,Speaker
ATT00229,William,Johnson,william.johnson@cloudtech.com,Future Tech,Japan,Regular
ATT00230,Robert,Thompson,robert.thompson@datasystems.com,Cloud Tech,USA,VIP
ATT00231,Alexander,Jones,alexander.jones@cloudtech.com,Global Systems,USA,Student
ATT00232,Patricia,Williams,patricia.williams@deventerprise.com,Global Systems,UK,Speaker
ATT00233,Patricia,Lee,patricia.lee@datasystems.com,Tech Corp,France,Student
ATT00234,John,White,john.white@deventerprise.com,Digital Solutions,Sweden,Early Bird
ATT00235,David,Brown,david.brown@cloudtech.com,Dev Enterprise,Singapore,VIP
ATT00236,Jennifer,Miller,jennifer.miller@innovationlabs.com,Data Systems,Netherlands,Student
ATT00237,Linda,Martinez,linda.martinez@cloudtech.com,Data Systems,Singapore,Regular
ATT00238,John,Davis,john.davis@globalsystems.com,Innovation Labs,Sweden,Regular
ATT00239,Noah,White,noah.white@digitalsolutions.com,Global Systems,Singapore,Early Bird
ATT00240,Patricia,Harris,patricia.harris@datasystems.com,Dev Enterprise,UK,VIP
ATT00241,Noah,Anderson,noah.anderson@futuretech.com,Smart Solutions,UK,Speaker
ATT00242,James,Thompson,james.thompson@globalsystems.com,Innovation Labs,Canada,Early Bird
ATT00243,David,Anderson,david.anderson@globalsystems.com,Data Systems,France,Student
ATT00244,Alexander,Jones,alexander.jones@globalsystems.com,Cloud Tech,UK,VIP
ATT00245,Noah,Martin,noah.martin@smartsolutions.com,Future Tech,USA,Student
ATT00246,Patricia,Moore,patricia.moore@deventerprise.com,Innovation Labs,USA,Regular
ATT00247,Mary,Johnson,mary.johnson@softwareinc.com,Cloud Tech,France,Regular
ATT00248,Barbara,Rodriguez,barbara.rodriguez@datasystems.com,Future Tech,France,Early Bird
ATT00249,Robert,Lee,robert.lee@cloudtech.com,Dev Enterprise,Canada,Student
ATT00250,William,Taylor,william.taylor@datasystems.com,Global Systems,UK,Student
ATT00251,James,Miller,james.miller@globalsystems.com,Data Systems,Japan,Speaker
ATT00252,Robert,Thomas,robert.thomas@smartsolutions.com,Future Tech,Germany,Student
ATT00253,Ava,Thompson,ava.thompson@cloudtech.com,Global Systems,Singapore,Student
ATT00254,Michael,Miller,michael.miller@deventerprise.com,Smart Solutions,Singapore,VIP
ATT00255,Noah,Jones,noah.jones@softwareinc.com,Data Systems,France,Regular
ATT00256,Sophia,Moore,sophia.moore@innovationlabs.com,Digital Solutions,UK,Speaker
ATT00257,Michael,Jones,michael.jones@softwareinc.com,Future Tech,France,VIP
ATT00258,James,Thompson,james.thompson@smartsolutions.com,Data Systems,Netherlands,Early Bird
ATT00259,Robert,White,robert.white@digitalsolutions.com,Smart Solutions,UK,Early Bird
ATT00260,William,Thomas,william.thomas@globalsystems.com,Future Tech,France,Speaker
ATT00261,Sophia,Martinez,sophia.martinez@deventerprise.com,Smart Solutions,France,Speaker
ATT00262,James,Rodriguez,james.rodriguez@techcorp.com,Cloud Tech,UK,VIP
ATT00263,Barbara,Johnson,barbara.johnson@techcorp.com,Global Systems,Netherlands,Early Bird
ATT00264,William,Martinez,william.martinez@digitalsolutions.com,Global Systems,Sweden,Early Bird
ATT00265,Mary,Thomas,mary.thomas@digitalsolutions.com,Data Systems,Canada,Student
ATT00266,Linda,Martin,linda.martin@innovationlabs.com,Digital Solutions,Singapore,Regular
ATT00267,Elizabeth,Jackson,elizabeth.jackson@futuretech.com,Smart Solutions,Sweden,VIP
ATT00268,Michael,Thompson,michael.thompson@futuretech.com,Global Systems,Japan,VIP
ATT00269,Mary,Taylor,mary.taylor@digitalsolutions.com,Global Systems,UK,Regular
ATT00270,James,Jones,james.jones@futuretech.com,Innovation Labs,USA,Regular
ATT00271,Oliver,Brown,oliver.brown@digitalsolutions.com,Future Tech,UK,VIP
ATT00272,Oliver,White,oliver.white@techcorp.com,Smart Solutions,Singapore,Speaker
ATT00273,Patricia,Moore,patricia.moore@cloudtech.com,Innovation Labs,Japan,Regular
ATT00274,Linda,Garcia,linda.garcia@deventerprise.com,Cloud Tech,Japan,Speaker
ATT00275,Mary,Johnson,mary.johnson@innovationlabs.com,Innovation Labs,UK,VIP
ATT00276,Robert,Martin,robert.martin@softwareinc.com,Software Inc,UK,Early Bird
ATT00277,Olivia,Harris,olivia.harris@techcorp.com,Cloud Tech,Sweden,VIP
ATT00278,Sophia,Martinez,sophia.martinez@techcorp.com,Dev Enterprise,Japan,Regular
ATT00279,Liam,Davis,liam.davis@softwareinc.com,Smart Solutions,UK,Regular
ATT00280,Linda,Martin,linda.martin@cloudtech.com,Global Systems,Australia,Speaker
ATT00281,Olivia,Brown,olivia.brown@deventerprise.com,Tech Corp,USA,Regular
ATT00282,Robert,Rodriguez,robert.rodriguez@softwareinc.com,Software Inc,Sweden,Speaker
ATT00283,Jennifer,Anderson,jennifer.anderson@techcorp.com,Future Tech,Netherlands,Regular
ATT00284,Liam,Martinez,liam.martinez@datasystems.com,Innovation Labs,USA,Speaker
ATT00285,Patricia,Anderson,patricia.anderson@smartsolutions.com,Software Inc,France,Early Bird
ATT00286,Ava,Anderson,ava.anderson@innovationlabs.com,Smart Solutions,UK,Student
ATT00287,Patricia,Rodriguez,patricia.rodriguez@innovationlabs.com,Cloud Tech,Japan,Regular
ATT00288,Alexander,Jones,alexander.jones@innovationlabs.com,Innovation Labs,Sweden,Student
ATT00289,Linda,White,linda.white@cloudtech.com,Smart Solutions,USA,Speaker
ATT00290,David,Taylor,david.taylor@digitalsolutions.com,Tech Corp,France,Regular
ATT00291,David,Thomas,david.thomas@softwareinc.com,Innovation Labs,UK,Regular
ATT00292,Emma,Lee,emma.lee@smartsolutions.com,Tech Corp,Sweden,VIP
ATT00293,Jennifer,Miller,jennifer.miller@globalsystems.com,Data Systems,Netherlands,Speaker
ATT00294,Robert,Miller,robert.miller@datasystems.com,Data Systems,UK,Early Bird
ATT00295,William,Rodriguez,william.rodriguez@innovationlabs.com,Digital Solutions,Australia,Regular
ATT00296,Sophia,Moore,sophia.moore@softwareinc.com,Digital Solutions,France,Early Bird
ATT00297,Linda,Williams,linda.williams@techcorp.com,Smart Solutions,Australia,Regular
ATT00298,William,Johnson,william.johnson@digitalsolutions.com,Smart Solutions,UK,Regular
ATT00299,Emma,Taylor,emma.taylor@digitalsolutions.com,Cloud Tech,Australia,Speaker
ATT00300,James,Rodriguez,james.rodriguez@techcorp.com,Future Tech,USA,VIP
ATT00301,Jennifer,Williams,jennifer.williams@smartsolutions.com,Data Systems,Canada,Student
ATT00302,Sophia,Smith,sophia.smith@smartsolutions.com,Future Tech,Netherlands,Speaker
ATT00303,John,Thompson,john.thompson@futuretech.com,Data Systems,Australia,Speaker
ATT00304,Michael,Martin,michael.martin@globalsystems.com,Data Systems,Canada,VIP
ATT00305,Barbara,Harris,barbara.harris@innovationlabs.com,Data Systems,Australia,Speaker
ATT00306,Noah,Thompson,noah.thompson@globalsystems.com,Software Inc,Sweden,Speaker
ATT00307,Ava,Rodriguez,ava.rodriguez@futuretech.com,Digital Solutions,Australia,Regular
ATT00308,Patricia,Moore,patricia.moore@innovationlabs.com,Dev Enterprise,Singapore,VIP
ATT00309,Liam,Jones,liam.jones@smartsolutions.com,Dev Enterprise,Australia,Regular
ATT00310,Oliver,Taylor,oliver.taylor@digitalsolutions.com,Tech Corp,Australia,Student
ATT00311,Emma,Taylor,emma.taylor@deventerprise.com,Cloud Tech,UK,Regular
ATT00312,Michael,Jackson,michael.jackson@datasystems.com,Global Systems,Japan,Student
ATT00313,Linda,Williams,linda.williams@deventerprise.com,Global Systems,Canada,VIP
ATT00314,Ava,Jackson,ava.jackson@techcorp.com,Software Inc,Australia,Regular
ATT00315,Linda,Smith,linda.smith@datasystems.com,Innovation Labs,USA,Speaker
ATT00316,Jennifer,Smith,jennifer.smith@techcorp.com,Global Systems,Japan,Regular
ATT00317,Olivia,Davis,olivia.davis@futuretech.com,Digital Solutions,Germany,Early Bird
ATT00318,Michael,Garcia,michael.garcia@innovationlabs.com,Innovation Labs,Sweden,VIP
ATT00319,Linda,Jones,linda.jones@deventerprise.com,Innovation Labs,Japan,Student
ATT00320,Emma,Jackson,emma.jackson@innovationlabs.com,Tech Corp,Netherlands,Student
ATT00321,Elizabeth,Anderson,elizabeth.anderson@smartsolutions.com,Smart Solutions,UK,Early Bird
ATT00322,James,Johnson,james.johnson@futuretech.com,Cloud Tech,UK,Regular
ATT00323,John,Lee,john.lee@techcorp.com,Data Systems,USA,Speaker
ATT00324,Oliver,Rodriguez,oliver.rodriguez@techcorp.com,Innovation Labs,France,Speaker
ATT00325,David,Taylor,david.taylor@smartsolutions.com,Smart Solutions,USA,Regular
ATT00326,Sophia,Rodriguez,sophia.rodriguez@futuretech.com,Smart Solutions,Germany,Student
ATT00327,Alexander,Lee,alexander.lee@datasystems.com,Cloud Tech,Sweden,Regular
ATT00328,Emma,Miller,emma.miller@globalsystems.com,Software Inc,Sweden,Speaker
ATT00329,Ava,Jackson,ava.jackson@techcorp.com,Future Tech,UK,Speaker
ATT00330,Noah,Martin,noah.martin@innovationlabs.com,Smart Solutions,Australia,Student
ATT00331,Alexander,Williams,alexander.williams@datasystems.com,Future Tech,Netherlands,Early Bird
ATT00332,Mary,Brown,mary.brown@techcorp.com,Digital Solutions,USA,Regular
ATT00333,Alexander,Garcia,alexander.garcia@datasystems.com,Dev Enterprise,Japan,Early Bird
ATT00334,Barbara,Taylor,barbara.taylor@smartsolutions.com,Digital Solutions,Australia,Student
ATT00335,Oliver,Williams,oliver.williams@digitalsolutions.com,Dev Enterprise,USA,VIP
ATT00336,Robert,Brown,robert.brown@softwareinc.com,Digital Solutions,Netherlands,Early Bird
ATT00337,William,Thompson,william.thompson@techcorp.com,Digital Solutions,Canada,VIP
ATT00338,Noah,Garcia,noah.garcia@digitalsolutions.com,Future Tech,Singapore,Regular
ATT00339,Elizabeth,Thomas,elizabeth.thomas@deventerprise.com,Future Tech,Germany,Student
ATT00340,Olivia,Jones,olivia.jones@digitalsolutions.com,Digital Solutions,Australia,Student
ATT00341,David,Garcia,david.garcia@smartsolutions.com,Smart Solutions,UK,VIP
ATT00342,John,Davis,john.davis@digitalsolutions.com,Future Tech,UK,VIP
ATT00343,Alexander,Williams,alexander.williams@innovationlabs.com,Innovation Labs,Singapore,Speaker
ATT00344,Olivia,Moore,olivia.moore@deventerprise.com,Smart Solutions,UK,Speaker
ATT00345,Michael,Thompson,michael.thompson@digitalsolutions.com,Data Systems,UK,Early Bird
ATT00346,James,Moore,james.moore@datasystems.com,Cloud Tech,Canada,VIP
ATT00347,James,Jackson,james.jackson@digitalsolutions.com,Smart Solutions,Netherlands,Speaker
ATT00348,James,Thomas,james.thomas@cloudtech.com,Software Inc,UK,Speaker
ATT00349,Oliver,Williams,oliver.williams@digitalsolutions.com,Innovation Labs,Netherlands,Speaker
ATT00350,Noah,Martinez,noah.martinez@smartsolutions.com,Data Systems,USA,Speaker
ATT00351,David,Davis,david.davis@techcorp.com,Cloud Tech,USA,Regular
ATT00352,James,Thompson,james.thompson@datasystems.com,Innovation Labs,Canada,Regular
ATT00353,Michael,Thomas,michael.thomas@innovationlabs.com,Global Systems,Singapore,Speaker
ATT00354,William,Taylor,william.taylor@futuretech.com,Dev Enterprise,Sweden,Student
ATT00355,Barbara,Rodriguez,barbara.rodriguez@softwareinc.com,Dev Enterprise,Singapore,VIP
ATT00356,John,Martin,john.martin@softwareinc.com,Cloud Tech,France,Regular
ATT00357,Elizabeth,Williams,elizabeth.williams@smartsolutions.com,Future Tech,Australia,VIP
ATT00358,Liam,Jones,liam.jones@techcorp.com,Future Tech,Australia,Speaker
ATT00359,Jennifer,Smith,jennifer.smith@softwareinc.com,Cloud Tech,UK,VIP
ATT00360,Linda,Thomas,linda.thomas@deventerprise.com,Tech Corp,Netherlands,Early Bird
ATT00361,William,Jones,william.jones@deventerprise.com,Tech Corp,UK,Regular
ATT00362,Mary,Thompson,mary.thompson@smartsolutions.com,Future Tech,Singapore,Early Bird
ATT00363,Linda,Garcia,linda.garcia@innovationlabs.com,Smart Solutions,Sweden,VIP
ATT00364,Ava,Johnson,ava.johnson@datasystems.com,Global Systems,Japan,Regular
ATT00365,Mary,Garcia,mary.garcia@softwareinc.com,Data Systems,Singapore,Speaker
ATT00366,James,Miller,james.miller@cloudtech.com,Future Tech,UK,Student
ATT00367,Barbara,Garcia,barbara.garcia@digitalsolutions.com,Cloud Tech,Singapore,Speaker
ATT00368,Olivia,Moore,olivia.moore@softwareinc.com,Software Inc,Japan,Regular
ATT00369,James,Harris,james.harris@deventerprise.com,Smart Solutions,Netherlands,Student
ATT00370,Jennifer,Williams,jennifer.williams@softwareinc.com,Digital Solutions,Germany,Speaker
ATT00371,Barbara,Lee,barbara.lee@globalsystems.com,Digital Solutions,Sweden,Speaker
ATT00372,Noah,Brown,noah.brown@smartsolutions.com,Digital Solutions,Canada,Student
ATT00373,Jennifer,Miller,jennifer.miller@globalsystems.com,Global Systems,Japan,Student
ATT00374,Alexander,Jackson,alexander.jackson@deventerprise.com,Software Inc,Netherlands,Student
ATT00375,John,Williams,john.williams@globalsystems.com,Global Systems,Germany,Regular
ATT00376,Michael,Lee,michael.lee@techcorp.com,Tech Corp,Canada,Early Bird
ATT00377,Oliver,Anderson,oliver.anderson@deventerprise.com,Data Systems,USA,Early Bird
ATT00378,Emma,Williams,emma.williams@deventerprise.com,Smart Solutions,Singapore,Student
ATT00379,Robert,Smith,robert.smith@deventerprise.com,Software Inc,France,Student
ATT00380,Barbara,Smith,barbara.smith@deventerprise.com,Software Inc,Sweden,Speaker
ATT00381,Oliver,Jones,oliver.jones@softwareinc.com,Global Systems,Sweden,Student
ATT00382,John,Miller,john.miller@softwareinc.com,Future Tech,Canada,Regular
ATT00383,James,Garcia,james.garcia@smartsolutions.com,Software Inc,Australia,Regular
ATT00384,Emma,Harris,emma.harris@techcorp.com,Software Inc,Canada,Early Bird
ATT00385,Liam,Garcia,liam.garcia@globalsystems.com,Innovation Labs,Germany,VIP
ATT00386,Patricia,Harris,patricia.harris@globalsystems.com,Software Inc,Germany,Regular
ATT00387,Noah,Thomas,noah.thomas@digitalsolutions.com,Innovation Labs,Australia,VIP
ATT00388,Patricia,Jones,patricia.jones@futuretech.com,Innovation Labs,Japan,Early Bird
ATT00389,John,Garcia,john.garcia@digitalsolutions.com,Data Systems,USA,VIP
ATT00390,Alexander,Brown,alexander.brown@innovationlabs.com,Cloud Tech,Singapore,Speaker
ATT00391,Liam,Martin,liam.martin@futuretech.com,Dev Enterprise,Sweden,Regular
ATT00392,David,Jones,david.jones@datasystems.com,Data Systems,Australia,Regular
ATT00393,David,Thomas,david.thomas@innovationlabs.com,Smart Solutions,UK,Regular
ATT00394,Sophia,Thompson,sophia.thompson@smartsolutions.com,Future Tech,Australia,VIP
ATT00395,Olivia,Davis,olivia.davis@cloudtech.com,Global Systems,Singapore,Regular
ATT00396,Olivia,Martinez,olivia.martinez@softwareinc.com,Dev Enterprise,Canada,Regular
ATT00397,Elizabeth,Davis,elizabeth.davis@techcorp.com,Smart Solutions,Japan,Student
ATT00398,Noah,Thomas,noah.thomas@innovationlabs.com,Dev Enterprise,Germany,Early Bird
ATT00399,Jennifer,Martinez,jennifer.martinez@globalsystems.com,Smart Solutions,Australia,VIP
ATT00400,Emma,Jones,emma.jones@smartsolutions.com,Global Systems,USA,VIP
ATT00401,Ava,Anderson,ava.anderson@deventerprise.com,Digital Solutions,Australia,Regular
ATT00402,Mary,Garcia,mary.garcia@digitalsolutions.com,Tech Corp,Sweden,Student
ATT00403,Linda,Jackson,linda.jackson@softwareinc.com,Dev Enterprise,UK,Early Bird
ATT00404,Liam,Moore,liam.moore@deventerprise.com,Data Systems,Australia,Regular
ATT00405,Liam,Moore,liam.moore@datasystems.com,Data Systems,Sweden,Speaker
ATT00406,Barbara,Lee,barbara.lee@datasystems.com,Innovation Labs,USA,Early Bird
ATT00407,Linda,White,linda.white@innovationlabs.com,Data Systems,Japan,Student
ATT00408,Olivia,Miller,olivia.miller@datasystems.com,Smart Solutions,USA,Early Bird
ATT00409,Olivia,Thomas,olivia.thomas@techcorp.com,Innovation Labs,Germany,VIP
ATT00410,Liam,Jones,liam.jones@datasystems.com,Software Inc,Canada,Student
ATT00411,Michael,Smith,michael.smith@deventerprise.com,Innovation Labs,Japan,Student
ATT00412,William,Anderson,william.anderson@deventerprise.com,Software Inc,USA,Student
ATT00413,Emma,Moore,emma.moore@softwareinc.com,Innovation Labs,Australia,Speaker
ATT00414,Liam,Miller,liam.miller@globalsystems.com,Cloud Tech,UK,Early Bird
ATT00415,John,Miller,john.miller@datasystems.com,Innovation Labs,Canada,Regular
ATT00416,Michael,Anderson,michael.anderson@innovationlabs.com,Dev Enterprise,Singapore,Speaker
ATT00417,Mary,Garcia,mary.garcia@smartsolutions.com,Data Systems,Netherlands,Student
ATT00418,Alexander,Jones,alexander.jones@globalsystems.com,Global Systems,Singapore,VIP
ATT00419,John,Garcia,john.garcia@cloudtech.com,Global Systems,Australia,VIP
ATT00420,Noah,Williams,noah.williams@futuretech.com,Global Systems,Germany,Student
ATT00421,Emma,Davis,emma.davis@globalsystems.com,Dev Enterprise,USA,Student
ATT00422,Linda,Martin,linda.martin@cloudtech.com,Software Inc,Singapore,Speaker
ATT00423,Jennifer,Brown,jennifer.brown@softwareinc.com,Innovation Labs,Australia,Regular
ATT00424,Emma,Anderson,emma.anderson@digitalsolutions.com,Digital Solutions,France,Student
ATT00425,Mary,Thomas,mary.thomas@cloudtech.com,Software Inc,Germany,Speaker
ATT00426,Elizabeth,Jackson,elizabeth.jackson@techcorp.com,Digital Solutions,Canada,Speaker
ATT00427,Sophia,Rodriguez,sophia.rodriguez@futuretech.com,Data Systems,UK,Speaker
ATT00428,Barbara,Rodriguez,barbara.rodriguez@techcorp.com,Global Systems,Australia,Regular
ATT00429,Elizabeth,Jackson,elizabeth.jackson@deventerprise.com,Future Tech,UK,Student
ATT00430,James,Johnson,james.johnson@futuretech.com,Global Systems,Germany,Regular
ATT00431,Barbara,Davis,barbara.davis@innovationlabs.com,Dev Enterprise,USA,Early Bird
ATT00432,Elizabeth,Thomas,elizabeth.thomas@cloudtech.com,Digital Solutions,Japan,Student
ATT00433,Michael,Martin,michael.martin@smartsolutions.com,Dev Enterprise,Germany,Regular
ATT00434,Barbara,Anderson,barbara.anderson@cloudtech.com,Global Systems,France,VIP
ATT00435,Linda,Rodriguez,linda.rodriguez@techcorp.com,Software Inc,Canada,Student
ATT00436,Ava,Martinez,ava.martinez@innovationlabs.com,Software Inc,Germany,Early Bird
ATT00437,Michael,Thompson,michael.thompson@digitalsolutions.com,Software Inc,Canada,Speaker
ATT00438,Patricia,Martinez,patricia.martinez@digitalsolutions.com,Dev Enterprise,France,Speaker
ATT00439,Emma,Johnson,emma.johnson@cloudtech.com,Tech Corp,Germany,Student
ATT00440,Mary,Garcia,mary.garcia@techcorp.com,Future Tech,UK,Speaker
ATT00441,Barbara,Williams,barbara.williams@digitalsolutions.com,Smart Solutions,Singapore,Regular
ATT00442,Barbara,Williams,barbara.williams@cloudtech.com,Data Systems,UK,Regular
ATT00443,Barbara,White,barbara.white@futuretech.com,Digital Solutions,UK,Early Bird
ATT00444,William,Williams,william.williams@innovationlabs.com,Data Systems,Germany,Speaker
ATT00445,Linda,Johnson,linda.johnson@techcorp.com,Global Systems,Japan,VIP
ATT00446,David,Rodriguez,david.rodriguez@softwareinc.com,Innovation Labs,UK,VIP
ATT00447,Oliver,Jones,oliver.jones@datasystems.com,Data Systems,Sweden,Student
ATT00448,Olivia,Martin,olivia.martin@techcorp.com,Software Inc,Netherlands,Regular
ATT00449,Michael,Jackson,michael.jackson@smartsolutions.com,Software Inc,Australia,Speaker
ATT00450,Oliver,Lee,oliver.lee@innovationlabs.com,Software Inc,UK,Regular
ATT00451,Alexander,Smith,alexander.smith@deventerprise.com,Dev Enterprise,Germany,Regular
ATT00452,Alexander,Jones,alexander.jones@globalsystems.com,Dev Enterprise,Australia,Speaker
ATT00453,Olivia,White,olivia.white@cloudtech.com,Innovation Labs,Singapore,Student
ATT00454,Alexander,Davis,alexander.davis@techcorp.com,Global Systems,Singapore,VIP
ATT00455,Sophia,Jackson,sophia.jackson@digitalsolutions.com,Digital Solutions,USA,Student
ATT00456,John,Thompson,john.thompson@cloudtech.com,Data Systems,Canada,Student
ATT00457,Robert,Lee,robert.lee@cloudtech.com,Global Systems,Singapore,Speaker
ATT00458,Ava,Lee,ava.lee@futuretech.com,Smart Solutions,Australia,Early Bird
ATT00459,Liam,Rodriguez,liam.rodriguez@futuretech.com,Innovation Labs,USA,Student
ATT00460,Elizabeth,Smith,elizabeth.smith@datasystems.com,Innovation Labs,Germany,Regular
ATT00461,Emma,Anderson,emma.anderson@innovationlabs.com,Smart Solutions,Singapore,VIP
ATT00462,Barbara,White,barbara.white@smartsolutions.com,Digital Solutions,Canada,Student
ATT00463,Liam,Thompson,liam.thompson@softwareinc.com,Dev Enterprise,Singapore,VIP
ATT00464,Oliver,Thompson,oliver.thompson@smartsolutions.com,Digital Solutions,Canada,Regular
ATT00465,Liam,Jackson,liam.jackson@deventerprise.com,Digital Solutions,France,Student
ATT00466,Barbara,Jones,barbara.jones@smartsolutions.com,Innovation Labs,Netherlands,Early Bird
ATT00467,Jennifer,White,jennifer.white@innovationlabs.com,Digital Solutions,Canada,VIP
ATT00468,Liam,Thompson,liam.thompson@futuretech.com,Innovation Labs,UK,Regular
ATT00469,Barbara,Lee,barbara.lee@softwareinc.com,Cloud Tech,UK,VIP
ATT00470,Michael,Anderson,michael.anderson@cloudtech.com,Data Systems,Netherlands,Early Bird
ATT00471,James,Martin,james.martin@deventerprise.com,Future Tech,France,Early Bird
ATT00472,John,Jones,john.jones@futuretech.com,Innovation Labs,UK,VIP
ATT00473,Patricia,Garcia,patricia.garcia@cloudtech.com,Dev Enterprise,Sweden,Student
ATT00474,Mary,Johnson,mary.johnson@deventerprise.com,Future Tech,Sweden,Regular
ATT00475,Patricia,Johnson,patricia.johnson@smartsolutions.com,Future Tech,UK,VIP
ATT00476,Michael,Davis,michael.davis@globalsystems.com,Cloud Tech,UK,Regular
ATT00477,Noah,Martinez,noah.martinez@techcorp.com,Dev Enterprise,Netherlands,Early Bird
ATT00478,Robert,Jackson,robert.jackson@softwareinc.com,Cloud Tech,France,Early Bird
ATT00479,Robert,Garcia,robert.garcia@globalsystems.com,Smart Solutions,Germany,Early Bird
ATT00480,Liam,Miller,liam.miller@globalsystems.com,Cloud Tech,Canada,Regular
ATT00481,James,Rodriguez,james.rodriguez@innovationlabs.com,Software Inc,Canada,Student
ATT00482,Noah,Harris,noah.harris@softwareinc.com,Software Inc,Sweden,Speaker
ATT00483,Michael,Smith,michael.smith@innovationlabs.com,Data Systems,UK,Regular
ATT00484,Jennifer,Lee,jennifer.lee@globalsystems.com,Data Systems,Germany,Speaker
ATT00485,Oliver,Martin,oliver.martin@smartsolutions.com,Digital Solutions,Singapore,Student
ATT00486,James,Smith,james.smith@deventerprise.com,Future Tech,Japan,Student
ATT00487,Linda,Rodriguez,linda.rodriguez@innovationlabs.com,Cloud Tech,Sweden,Student
ATT00488,Emma,Johnson,emma.johnson@techcorp.com,Future Tech,USA,Early Bird
ATT00489,Jennifer,Moore,jennifer.moore@innovationlabs.com,Future Tech,France,Early Bird
ATT00490,Emma,Moore,emma.moore@softwareinc.com,Future Tech,UK,Speaker
ATT00491,James,Moore,james.moore@smartsolutions.com,Future Tech,UK,Student
ATT00492,Alexander,Thompson,alexander.thompson@deventerprise.com,Smart Solutions,Japan,Regular
ATT00493,Liam,Davis,liam.davis@techcorp.com,Data Systems,UK,VIP
ATT00494,John,Jackson,john.jackson@deventerprise.com,Smart Solutions,Canada,Early Bird
ATT00495,James,Johnson,james.johnson@deventerprise.com,Dev Enterprise,Singapore,VIP
ATT00496,Linda,Smith,linda.smith@softwareinc.com,Global Systems,France,Student
ATT00497,Emma,Thomas,emma.thomas@deventerprise.com,Global Systems,UK,Student
ATT00498,Noah,Jones,noah.jones@datasystems.com,Smart Solutions,Netherlands,Regular
ATT00499,Barbara,Anderson,barbara.anderson@cloudtech.com,Smart Solutions,Australia,Student
ATT00500,Emma,Rodriguez,emma.rodriguez@datasystems.com,Smart Solutions,France,Speaker
ATT00501,Robert,Miller,robert.miller@smartsolutions.com,Innovation Labs,Netherlands,VIP
ATT00502,Alexander,Anderson,alexander.anderson@innovationlabs.com,Cloud Tech,USA,VIP
ATT00503,Linda,Garcia,linda.garcia@globalsystems.com,Innovation Labs,UK,Student
ATT00504,David,White,david.white@futuretech.com,Software Inc,Japan,Regular
ATT00505,Oliver,Thomas,oliver.thomas@futuretech.com,Tech Corp,UK,Regular
ATT00506,William,Johnson,william.johnson@cloudtech.com,Tech Corp,Canada,Student
ATT00507,James,Jones,james.jones@deventerprise.com,Dev Enterprise,UK,Early Bird
ATT00508,Noah,Brown,noah.brown@innovationlabs.com,Cloud Tech,USA,Early Bird
ATT00509,Linda,Williams,linda.williams@globalsystems.com,Cloud Tech,Sweden,VIP
ATT00510,Sophia,Rodriguez,sophia.rodriguez@techcorp.com,Dev Enterprise,France,VIP
ATT00511,Barbara,Anderson,barbara.anderson@globalsystems.com,Cloud Tech,Netherlands,Speaker
ATT00512,Sophia,Brown,sophia.brown@datasystems.com,Global Systems,Germany,VIP
ATT00513,Olivia,Garcia,olivia.garcia@datasystems.com,Data Systems,UK,Regular
ATT00514,Emma,Brown,emma.brown@datasystems.com,Dev Enterprise,Canada,Student
ATT00515,Elizabeth,Taylor,elizabeth.taylor@softwareinc.com,Smart Solutions,UK,Speaker
ATT00516,Barbara,Jackson,barbara.jackson@deventerprise.com,Smart Solutions,Germany,Speaker
ATT00517,Emma,Miller,emma.miller@datasystems.com,Innovation Labs,Singapore,Student
ATT00518,Jennifer,Jones,jennifer.jones@smartsolutions.com,Digital Solutions,Australia,VIP
ATT00519,Liam,Thompson,liam.thompson@globalsystems.com,Dev Enterprise,Japan,Early Bird
ATT00520,William,Martin,william.martin@futuretech.com,Data Systems,Sweden,Regular
ATT00521,Noah,Martinez,noah.martinez@futuretech.com,Digital Solutions,Netherlands,VIP
ATT00522,Patricia,Jackson,patricia.jackson@techcorp.com,Dev Enterprise,Canada,Speaker
ATT00523,Michael,Taylor,michael.taylor@deventerprise.com,Cloud Tech,UK,Student
ATT00524,Jennifer,Williams,jennifer.williams@smartsolutions.com,Data Systems,Japan,Regular
ATT00525,Jennifer,Brown,jennifer.brown@softwareinc.com,Smart Solutions,Germany,Student
ATT00526,William,Harris,william.harris@innovationlabs.com,Dev Enterprise,USA,Early Bird
ATT00527,Robert,Garcia,robert.garcia@innovationlabs.com,Smart Solutions,Japan,Regular
ATT00528,Jennifer,Davis,jennifer.davis@softwareinc.com,Future Tech,Australia,VIP
ATT00529,Linda,Davis,linda.davis@digitalsolutions.com,Global Systems,Japan,Early Bird
ATT00530,Noah,Moore,noah.moore@deventerprise.com,Software Inc,Australia,Early Bird
ATT00531,Liam,Thompson,liam.thompson@innovationlabs.com,Tech Corp,Sweden,Speaker
ATT00532,Patricia,Anderson,patricia.anderson@deventerprise.com,Data Systems,Sweden,Regular
ATT00533,Patricia,Martinez,patricia.martinez@innovationlabs.com,Tech Corp,Sweden,VIP
ATT00534,Olivia,Thomas,olivia.thomas@smartsolutions.com,Data Systems,Germany,Regular
ATT00535,Patricia,Miller,patricia.miller@innovationlabs.com,Dev Enterprise,Germany,Early Bird
ATT00536,Linda,Garcia,linda.garcia@innovationlabs.com,Cloud Tech,Japan,Early Bird
ATT00537,Patricia,White,patricia.white@smartsolutions.com,Digital Solutions,Netherlands,VIP
ATT00538,Patricia,Rodriguez,patricia.rodriguez@cloudtech.com,Dev Enterprise,Australia,Student
ATT00539,Patricia,Brown,patricia.brown@smartsolutions.com,Smart Solutions,Japan,Regular
ATT00540,Barbara,Martin,barbara.martin@innovationlabs.com,Dev Enterprise,Singapore,Speaker
ATT00541,Alexander,Jackson,alexander.jackson@deventerprise.com,Data Systems,Singapore,VIP
ATT00542,William,Williams,william.williams@techcorp.com,Smart Solutions,Germany,VIP
ATT00543,Mary,Miller,mary.miller@datasystems.com,Software Inc,Netherlands,Regular
ATT00544,James,Williams,james.williams@datasystems.com,Smart Solutions,Japan,Speaker
ATT00545,Sophia,Martinez,sophia.martinez@smartsolutions.com,Dev Enterprise,Australia,Early Bird
ATT00546,Emma,Rodriguez,emma.rodriguez@globalsystems.com,Future Tech,Singapore,VIP
ATT00547,Patricia,Jackson,patricia.jackson@futuretech.com,Smart Solutions,Japan,Regular
ATT00548,Jennifer,Williams,jennifer.williams@smartsolutions.com,Cloud Tech,France,Early Bird
ATT00549,James,Brown,james.brown@globalsystems.com,Smart Solutions,Singapore,Speaker
ATT00550,Alexander,Williams,alexander.williams@smartsolutions.com,Data Systems,Germany,Speaker
ATT00551,Robert,Williams,robert.williams@deventerprise.com,Global Systems,Japan,Early Bird
ATT00552,Ava,Martin,ava.martin@cloudtech.com,Smart Solutions,Japan,Student
ATT00553,Alexander,Miller,alexander.miller@datasystems.com,Software Inc,Germany,VIP
ATT00554,Mary,Lee,mary.lee@innovationlabs.com,Software Inc,Singapore,Early Bird
ATT00555,Patricia,Jones,patricia.jones@futuretech.com,Innovation Labs,UK,Student
ATT00556,John,Garcia,john.garcia@techcorp.com,Future Tech,Sweden,VIP
ATT00557,Jennifer,Thomas,jennifer.thomas@globalsystems.com,Dev Enterprise,Germany,Student
ATT00558,Liam,Miller,liam.miller@globalsystems.com,Future Tech,Sweden,Speaker
ATT00559,Oliver,Martinez,oliver.martinez@datasystems.com,Innovation Labs,Singapore,Speaker
ATT00560,Robert,Moore,robert.moore@digitalsolutions.com,Digital Solutions,Sweden,VIP
ATT00561,John,Jackson,john.jackson@futuretech.com,Innovation Labs,Japan,Regular
ATT00562,Ava,Smith,ava.smith@deventerprise.com,Digital Solutions,Canada,VIP
ATT00563,William,Smith,william.smith@softwareinc.com,Future Tech,Australia,Early Bird
ATT00564,Mary,Jackson,mary.jackson@datasystems.com,Digital Solutions,Singapore,VIP
ATT00565,Mary,Smith,mary.smith@techcorp.com,Future Tech,UK,Early Bird
ATT00566,Liam,Smith,liam.smith@futuretech.com,Digital Solutions,Singapore,Early Bird
ATT00567,Linda,Johnson,linda.johnson@deventerprise.com,Cloud Tech,Japan,VIP
ATT00568,Mary,Miller,mary.miller@digitalsolutions.com,Smart Solutions,Australia,Regular
ATT00569,Olivia,Smith,olivia.smith@smartsolutions.com,Tech Corp,Canada,Student
ATT00570,Olivia,Brown,olivia.brown@softwareinc.com,Smart Solutions,Japan,Regular
ATT00571,Barbara,Davis,barbara.davis@techcorp.com,Digital Solutions,Singapore,Speaker
ATT00572,Alexander,White,alexander.white@innovationlabs.com,Innovation Labs,Netherlands,Early Bird
ATT00573,Liam,Rodriguez,liam.rodriguez@smartsolutions.com,Global Systems,Netherlands,Speaker
ATT00574,Noah,Garcia,noah.garcia@cloudtech.com,Software Inc,Sweden,Student
ATT00575,Emma,Miller,emma.miller@globalsystems.com,Smart Solutions,Sweden,Early Bird
ATT00576,Jennifer,Martinez,jennifer.martinez@techcorp.com,Innovation Labs,Canada,VIP
ATT00577,Sophia,Thompson,sophia.thompson@innovationlabs.com,Future Tech,Australia,Student
ATT00578,Mary,Rodriguez,mary.rodriguez@globalsystems.com,Tech Corp,Singapore,Early Bird
ATT00579,David,Martin,david.martin@smartsolutions.com,Digital Solutions,Australia,Early Bird
ATT00580,James,Martin,james.martin@digitalsolutions.com,Data Systems,Canada,Early Bird
ATT00581,William,Davis,william.davis@smartsolutions.com,Digital Solutions,USA,Speaker
ATT00582,Sophia,Martinez,sophia.martinez@digitalsolutions.com,Data Systems,Germany,Early Bird
ATT00583,Linda,Jackson,linda.jackson@innovationlabs.com,Dev Enterprise,Sweden,VIP
ATT00584,Linda,Jackson,linda.jackson@futuretech.com,Smart Solutions,UK,Speaker
ATT00585,Liam,Thompson,liam.thompson@innovationlabs.com,Cloud Tech,Japan,Early Bird
ATT00586,David,Jones,david.jones@smartsolutions.com,Digital Solutions,Germany,Student
ATT00587,Oliver,Martinez,oliver.martinez@futuretech.com,Data Systems,Australia,Student
ATT00588,Olivia,Lee,olivia.lee@globalsystems.com,Data Systems,Japan,Early Bird
ATT00589,Patricia,Anderson,patricia.anderson@smartsolutions.com,Dev Enterprise,Australia,Regular
ATT00590,Alexander,Anderson,alexander.anderson@datasystems.com,Future Tech,Singapore,VIP
ATT00591,Noah,Harris,noah.harris@cloudtech.com,Digital Solutions,Netherlands,VIP
ATT00592,James,Martinez,james.martinez@futuretech.com,Future Tech,Japan,Regular
ATT00593,Robert,Moore,robert.moore@digitalsolutions.com,Digital Solutions,Germany,Regular
ATT00594,Alexander,White,alexander.white@smartsolutions.com,Dev Enterprise,Canada,Student
ATT00595,Olivia,Thompson,olivia.thompson@smartsolutions.com,Cloud Tech,UK,Speaker
ATT00596,John,Brown,john.brown@deventerprise.com,Software Inc,Canada,Speaker
ATT00597,Barbara,Miller,barbara.miller@deventerprise.com,Innovation Labs,USA,Student
ATT00598,Noah,Jackson,noah.jackson@futuretech.com,Dev Enterprise,UK,Early Bird
ATT00599,Michael,Thomas,michael.thomas@innovationlabs.com,Global Systems,Japan,Regular
ATT00600,Oliver,Lee,oliver.lee@futuretech.com,Future Tech,Netherlands,VIP
ATT00601,Michael,Smith,michael.smith@softwareinc.com,Cloud Tech,Germany,Regular
ATT00602,Patricia,Harris,patricia.harris@smartsolutions.com,Data Systems,France,Student
ATT00603,Linda,Smith,linda.smith@deventerprise.com,Digital Solutions,UK,Early Bird
ATT00604,David,Martin,david.martin@softwareinc.com,Smart Solutions,Germany,Speaker
ATT00605,Barbara,Thompson,barbara.thompson@innovationlabs.com,Software Inc,USA,Regular
ATT00606,William,Garcia,william.garcia@digitalsolutions.com,Dev Enterprise,Canada,Student
ATT00607,William,Thomas,william.thomas@deventerprise.com,Global Systems,Sweden,Student
ATT00608,Liam,Garcia,liam.garcia@futuretech.com,Cloud Tech,Germany,Regular
ATT00609,Emma,Anderson,emma.anderson@innovationlabs.com,Global Systems,USA,Early Bird
ATT00610,William,Thompson,william.thompson@datasystems.com,Future Tech,Sweden,Early Bird
ATT00611,David,Harris,david.harris@cloudtech.com,Dev Enterprise,UK,Regular
ATT00612,Jennifer,Miller,jennifer.miller@smartsolutions.com,Smart Solutions,Sweden,VIP
ATT00613,Olivia,Smith,olivia.smith@smartsolutions.com,Global Systems,USA,Early Bird
ATT00614,Barbara,Harris,barbara.harris@deventerprise.com,Future Tech,Germany,Speaker
ATT00615,Linda,Harris,linda.harris@cloudtech.com,Digital Solutions,Germany,VIP
ATT00616,Liam,Williams,liam.williams@globalsystems.com,Cloud Tech,Sweden,Early Bird
ATT00617,Jennifer,Brown,jennifer.brown@globalsystems.com,Dev Enterprise,Netherlands,Speaker
ATT00618,Oliver,Smith,oliver.smith@softwareinc.com,Tech Corp,Singapore,Speaker
ATT00619,Elizabeth,Rodriguez,elizabeth.rodriguez@digitalsolutions.com,Future Tech,Germany,VIP
ATT00620,Jennifer,Thompson,jennifer.thompson@globalsystems.com,Data Systems,Sweden,Regular
ATT00621,Jennifer,Lee,jennifer.lee@futuretech.com,Smart Solutions,Japan,Early Bird
ATT00622,Jennifer,Brown,jennifer.brown@globalsystems.com,Digital Solutions,Canada,Student
ATT00623,Oliver,Miller,oliver.miller@techcorp.com,Innovation Labs,Japan,Regular
ATT00624,William,Taylor,william.taylor@smartsolutions.com,Global Systems,Netherlands,Regular
ATT00625,Oliver,Miller,oliver.miller@deventerprise.com,Future Tech,Japan,Speaker
ATT00626,Michael,Thompson,michael.thompson@futuretech.com,Cloud Tech,Australia,Early Bird
ATT00627,Alexander,Rodriguez,alexander.rodriguez@softwareinc.com,Global Systems,France,VIP
ATT00628,Emma,Taylor,emma.taylor@digitalsolutions.com,Global Systems,USA,VIP
ATT00629,Olivia,Williams,olivia.williams@deventerprise.com,Digital Solutions,Sweden,Early Bird
ATT00630,Olivia,Thompson,olivia.thompson@softwareinc.com,Tech Corp,USA,Speaker
ATT00631,Linda,Miller,linda.miller@digitalsolutions.com,Tech Corp,USA,Early Bird
ATT00632,Mary,Rodriguez,mary.rodriguez@innovationlabs.com,Future Tech,Germany,Early Bird
ATT00633,Olivia,Anderson,olivia.anderson@futuretech.com,Digital Solutions,Singapore,Regular
ATT00634,Linda,Johnson,linda.johnson@techcorp.com,Data Systems,Germany,Early Bird
ATT00635,Jennifer,Williams,jennifer.williams@cloudtech.com,Data Systems,Australia,Speaker
ATT00636,Patricia,Lee,patricia.lee@deventerprise.com,Tech Corp,Netherlands,Regular
ATT00637,William,Williams,william.williams@smartsolutions.com,Innovation Labs,Australia,VIP
ATT00638,Mary,Rodriguez,mary.rodriguez@deventerprise.com,Innovation Labs,Germany,Speaker
ATT00639,Patricia,Thompson,patricia.thompson@smartsolutions.com,Cloud Tech,Canada,Regular
ATT00640,Olivia,Taylor,olivia.taylor@deventerprise.com,Innovation Labs,Canada,Student
ATT00641,Mary,Harris,mary.harris@techcorp.com,Global Systems,Singapore,Speaker
ATT00642,Ava,Jones,ava.jones@globalsystems.com,Global Systems,Australia,Student
ATT00643,Oliver,Smith,oliver.smith@softwareinc.com,Software Inc,USA,Early Bird
ATT00644,David,Smith,david.smith@softwareinc.com,Future Tech,France,Speaker
ATT00645,Robert,Thompson,robert.thompson@deventerprise.com,Software Inc,Netherlands,VIP
ATT00646,Mary,Martin,mary.martin@cloudtech.com,Dev Enterprise,Germany,Student
ATT00647,William,Harris,william.harris@futuretech.com,Future Tech,Canada,Early Bird
ATT00648,Jennifer,Martin,jennifer.martin@cloudtech.com,Software Inc,France,Early Bird
ATT00649,Alexander,Rodriguez,alexander.rodriguez@deventerprise.com,Smart Solutions,Australia,Regular
ATT00650,Oliver,Miller,oliver.miller@softwareinc.com,Future Tech,Netherlands,Early Bird
ATT00651,Noah,Thomas,noah.thomas@globalsystems.com,Dev Enterprise,Canada,Early Bird
ATT00652,Barbara,Williams,barbara.williams@innovationlabs.com,Global Systems,Netherlands,Speaker
ATT00653,Mary,Smith,mary.smith@deventerprise.com,Tech Corp,Singapore,Early Bird
ATT00654,Alexander,Taylor,alexander.taylor@datasystems.com,Dev Enterprise,Canada,Student
ATT00655,Ava,Harris,ava.harris@cloudtech.com,Smart Solutions,France,Early Bird
ATT00656,Oliver,Miller,oliver.miller@futuretech.com,Future Tech,France,Speaker
ATT00657,Barbara,Lee,barbara.lee@digitalsolutions.com,Software Inc,Netherlands,Student
ATT00658,Robert,Thomas,robert.thomas@cloudtech.com,Dev Enterprise,France,Speaker
ATT00659,Michael,Thomas,michael.thomas@innovationlabs.com,Data Systems,Sweden,Regular
ATT00660,Mary,Rodriguez,mary.rodriguez@techcorp.com,Software Inc,Germany,VIP
ATT00661,Mary,Harris,mary.harris@globalsystems.com,Future Tech,UK,Early Bird
ATT00662,James,Lee,james.lee@cloudtech.com,Cloud Tech,France,VIP
ATT00663,David,Garcia,david.garcia@deventerprise.com,Global Systems,USA,VIP
ATT00664,Sophia,Anderson,sophia.anderson@digitalsolutions.com,Smart Solutions,USA,Student
ATT00665,Noah,Harris,noah.harris@digitalsolutions.com,Tech Corp,Netherlands,Regular
ATT00666,David,Johnson,david.johnson@softwareinc.com,Cloud Tech,Singapore,Student
ATT00667,Patricia,Thompson,patricia.thompson@cloudtech.com,Global Systems,Singapore,Student
ATT00668,Linda,Martin,linda.martin@cloudtech.com,Global Systems,Canada,Regular
ATT00669,Elizabeth,Miller,elizabeth.miller@cloudtech.com,Innovation Labs,Netherlands,Regular
ATT00670,Jennifer,Lee,jennifer.lee@digitalsolutions.com,Digital Solutions,France,Regular
ATT00671,Liam,White,liam.white@deventerprise.com,Future Tech,Japan,Early Bird
ATT00672,William,Martinez,william.martinez@digitalsolutions.com,Smart Solutions,Singapore,VIP
ATT00673,Noah,Harris,noah.harris@deventerprise.com,Cloud Tech,USA,Speaker
ATT00674,Robert,Davis,robert.davis@futuretech.com,Smart Solutions,Sweden,Speaker
ATT00675,Sophia,Taylor,sophia.taylor@globalsystems.com,Cloud Tech,USA,Regular
ATT00676,Mary,Martin,mary.martin@innovationlabs.com,Dev Enterprise,Germany,VIP
ATT00677,Liam,Williams,liam.williams@innovationlabs.com,Dev Enterprise,Canada,VIP
ATT00678,John,White,john.white@cloudtech.com,Software Inc,Sweden,Speaker
ATT00679,Mary,Moore,mary.moore@datasystems.com,Tech Corp,Australia,Early Bird
ATT00680,Mary,Martin,mary.martin@cloudtech.com,Smart Solutions,Canada,Regular
ATT00681,Liam,Miller,liam.miller@innovationlabs.com,Global Systems,UK,VIP
ATT00682,John,Jackson,john.jackson@globalsystems.com,Digital Solutions,Singapore,Student
ATT00683,Noah,Martinez,noah.martinez@deventerprise.com,Innovation Labs,Japan,Speaker
ATT00684,Patricia,Jones,patricia.jones@smartsolutions.com,Data Systems,France,VIP
ATT00685,Olivia,Thomas,olivia.thomas@innovationlabs.com,Software Inc,Netherlands,VIP
ATT00686,Robert,Thomas,robert.thomas@futuretech.com,Global Systems,Germany,Student
ATT00687,John,Garcia,john.garcia@innovationlabs.com,Cloud Tech,Netherlands,Speaker
ATT00688,Michael,Davis,michael.davis@deventerprise.com,Software Inc,Sweden,Student
ATT00689,Oliver,Johnson,oliver.johnson@digitalsolutions.com,Digital Solutions,Netherlands,Regular
ATT00690,Patricia,Thomas,patricia.thomas@smartsolutions.com,Cloud Tech,Netherlands,Regular
ATT00691,Elizabeth,Taylor,elizabeth.taylor@innovationlabs.com,Cloud Tech,USA,Student
ATT00692,Mary,Smith,mary.smith@globalsystems.com,Cloud Tech,Sweden,Early Bird
ATT00693,Jennifer,Jones,jennifer.jones@innovationlabs.com,Cloud Tech,Sweden,Speaker
ATT00694,Barbara,Lee,barbara.lee@cloudtech.com,Innovation Labs,USA,Student
ATT00695,John,Taylor,john.taylor@deventerprise.com,Software Inc,Germany,Speaker
ATT00696,Patricia,Anderson,patricia.anderson@deventerprise.com,Tech Corp,UK,Regular
ATT00697,Mary,Anderson,mary.anderson@techcorp.com,Software Inc,Germany,VIP
ATT00698,Olivia,Jackson,olivia.jackson@futuretech.com,Digital Solutions,Singapore,Early Bird
ATT00699,Ava,Thompson,ava.thompson@globalsystems.com,Innovation Labs,Sweden,Regular
ATT00700,Alexander,Jackson,alexander.jackson@globalsystems.com,Data Systems,UK,VIP
ATT00701,Sophia,Lee,sophia.lee@datasystems.com,Global Systems,Canada,Regular
ATT00702,Oliver,Jones,oliver.jones@digitalsolutions.com,Innovation Labs,Germany,Student
ATT00703,Emma,Miller,emma.miller@techcorp.com,Dev Enterprise,Australia,Student
ATT00704,Olivia,Moore,olivia.moore@datasystems.com,Innovation Labs,Japan,Student
ATT00705,Barbara,Jones,barbara.jones@innovationlabs.com,Digital Solutions,USA,Early Bird
ATT00706,Noah,Martinez,noah.martinez@innovationlabs.com,Smart Solutions,Sweden,Student
ATT00707,James,Johnson,james.johnson@softwareinc.com,Cloud Tech,USA,Regular
ATT00708,Olivia,Anderson,olivia.anderson@datasystems.com,Smart Solutions,France,Speaker
ATT00709,John,Rodriguez,john.rodriguez@globalsystems.com,Dev Enterprise,Singapore,VIP
ATT00710,Linda,Anderson,linda.anderson@techcorp.com,Innovation Labs,Germany,Student
ATT00711,Liam,Jones,liam.jones@techcorp.com,Cloud Tech,USA,Regular
ATT00712,Alexander,Thompson,alexander.thompson@globalsystems.com,Digital Solutions,Australia,Early Bird
ATT00713,Linda,Davis,linda.davis@digitalsolutions.com,Tech Corp,UK,Student
ATT00714,Robert,Martin,robert.martin@techcorp.com,Data Systems,Germany,VIP
ATT00715,Sophia,Moore,sophia.moore@globalsystems.com,Software Inc,UK,VIP
ATT00716,Mary,Moore,mary.moore@smartsolutions.com,Innovation Labs,Sweden,VIP
ATT00717,Emma,Smith,emma.smith@techcorp.com,Innovation Labs,Canada,Student
ATT00718,Alexander,Davis,alexander.davis@digitalsolutions.com,Innovation Labs,Australia,Student
ATT00719,John,Harris,john.harris@digitalsolutions.com,Innovation Labs,Germany,Speaker
ATT00720,Mary,Harris,mary.harris@cloudtech.com,Future Tech,Canada,Early Bird
ATT00721,Alexander,White,alexander.white@futuretech.com,Smart Solutions,Japan,Student
ATT00722,Noah,Moore,noah.moore@cloudtech.com,Digital Solutions,Sweden,Early Bird
ATT00723,Patricia,White,patricia.white@datasystems.com,Digital Solutions,Japan,VIP
ATT00724,Mary,Jones,mary.jones@digitalsolutions.com,Data Systems,Canada,Regular
ATT00725,Alexander,Anderson,alexander.anderson@innovationlabs.com,Data Systems,Sweden,Early Bird
ATT00726,Robert,Brown,robert.brown@cloudtech.com,Tech Corp,Germany,Speaker
ATT00727,Barbara,Johnson,barbara.johnson@digitalsolutions.com,Future Tech,Japan,VIP
ATT00728,Elizabeth,Taylor,elizabeth.taylor@cloudtech.com,Cloud Tech,Netherlands,VIP
ATT00729,Barbara,Martinez,barbara.martinez@smartsolutions.com,Tech Corp,UK,Regular
ATT00730,Jennifer,Garcia,jennifer.garcia@softwareinc.com,Global Systems,UK,Regular
ATT00731,Liam,Miller,liam.miller@futuretech.com,Software Inc,Germany,Speaker
ATT00732,John,Williams,john.williams@deventerprise.com,Data Systems,Japan,Speaker
ATT00733,Robert,Williams,robert.williams@innovationlabs.com,Software Inc,Sweden,Speaker
ATT00734,Sophia,Miller,sophia.miller@futuretech.com,Future Tech,Singapore,Student
ATT00735,Michael,White,michael.white@innovationlabs.com,Software Inc,UK,Student
ATT00736,William,Moore,william.moore@innovationlabs.com,Digital Solutions,USA,Student
ATT00737,Michael,Williams,michael.williams@techcorp.com,Digital Solutions,USA,VIP
ATT00738,Linda,Johnson,linda.johnson@digitalsolutions.com,Smart Solutions,France,Regular
ATT00739,Elizabeth,Anderson,elizabeth.anderson@cloudtech.com,Innovation Labs,Singapore,Student
ATT00740,Jennifer,Williams,jennifer.williams@digitalsolutions.com,Global Systems,Japan,Speaker
ATT00741,Linda,Jackson,linda.jackson@globalsystems.com,Smart Solutions,Canada,VIP
ATT00742,Emma,Smith,emma.smith@smartsolutions.com,Future Tech,Netherlands,Speaker
ATT00743,Patricia,Rodriguez,patricia.rodriguez@smartsolutions.com,Dev Enterprise,Sweden,VIP
ATT00744,Liam,Taylor,liam.taylor@innovationlabs.com,Future Tech,Germany,VIP
ATT00745,Robert,White,robert.white@futuretech.com,Data Systems,USA,Regular
ATT00746,Michael,Anderson,michael.anderson@deventerprise.com,Data Systems,France,Early Bird
ATT00747,Mary,Martin,mary.martin@datasystems.com,Smart Solutions,Australia,Regular
ATT00748,David,Lee,david.lee@smartsolutions.com,Future Tech,Netherlands,Student
ATT00749,James,Johnson,james.johnson@futuretech.com,Global Systems,Canada,VIP
ATT00750,Barbara,Thompson,barbara.thompson@datasystems.com,Future Tech,Sweden,VIP
ATT00751,Emma,Martinez,emma.martinez@cloudtech.com,Dev Enterprise,Germany,Student
ATT00752,Robert,Jackson,robert.jackson@globalsystems.com,Dev Enterprise,Canada,Speaker
ATT00753,Noah,Thompson,noah.thompson@digitalsolutions.com,Innovation Labs,Sweden,Student
ATT00754,Mary,Williams,mary.williams@deventerprise.com,Data Systems,Australia,Student
ATT00755,Elizabeth,Garcia,elizabeth.garcia@smartsolutions.com,Digital Solutions,Germany,Early Bird
ATT00756,Noah,Thompson,noah.thompson@innovationlabs.com,Smart Solutions,USA,VIP
ATT00757,Sophia,Williams,sophia.williams@futuretech.com,Software Inc,France,Speaker
ATT00758,Robert,Anderson,robert.anderson@softwareinc.com,Data Systems,Sweden,Speaker
ATT00759,James,Smith,james.smith@cloudtech.com,Digital Solutions,Singapore,Student
ATT00760,Emma,Miller,emma.miller@futuretech.com,Software Inc,France,VIP
ATT00761,Liam,Anderson,liam.anderson@cloudtech.com,Smart Solutions,France,Speaker
ATT00762,John,Johnson,john.johnson@digitalsolutions.com,Cloud Tech,Sweden,Speaker
ATT00763,Noah,White,noah.white@datasystems.com,Software Inc,Australia,Regular
ATT00764,Linda,Lee,linda.lee@softwareinc.com,Tech Corp,Canada,Speaker
ATT00765,Elizabeth,Thomas,elizabeth.thomas@futuretech.com,Global Systems,Canada,VIP
ATT00766,Mary,Martin,mary.martin@datasystems.com,Digital Solutions,Singapore,Student
ATT00767,Linda,Johnson,linda.johnson@futuretech.com,Data Systems,Canada,VIP
ATT00768,Barbara,Jones,barbara.jones@deventerprise.com,Data Systems,Singapore,Speaker
ATT00769,Ava,Smith,ava.smith@futuretech.com,Dev Enterprise,Germany,Student
ATT00770,William,Lee,william.lee@softwareinc.com,Global Systems,France,Speaker
ATT00771,Emma,Taylor,emma.taylor@digitalsolutions.com,Future Tech,Canada,VIP
ATT00772,Olivia,Moore,olivia.moore@innovationlabs.com,Global Systems,France,Speaker
ATT00773,Michael,White,michael.white@smartsolutions.com,Smart Solutions,Netherlands,Student
ATT00774,Elizabeth,Garcia,elizabeth.garcia@digitalsolutions.com,Data Systems,Sweden,VIP
ATT00775,Oliver,Davis,oliver.davis@softwareinc.com,Cloud Tech,Japan,Regular
ATT00776,Noah,White,noah.white@datasystems.com,Future Tech,UK,Student
ATT00777,Sophia,Thompson,sophia.thompson@smartsolutions.com,Cloud Tech,France,Speaker
ATT00778,Liam,Davis,liam.davis@digitalsolutions.com,Digital Solutions,Canada,VIP
ATT00779,Olivia,White,olivia.white@softwareinc.com,Tech Corp,Singapore,Student
ATT00780,Mary,Miller,mary.miller@futuretech.com,Smart Solutions,Japan,VIP
ATT00781,Linda,Williams,linda.williams@globalsystems.com,Smart Solutions,Sweden,Early Bird
ATT00782,Olivia,Lee,olivia.lee@cloudtech.com,Future Tech,USA,Regular
ATT00783,John,Moore,john.moore@cloudtech.com,Digital Solutions,UK,VIP
ATT00784,Noah,Williams,noah.williams@deventerprise.com,Innovation Labs,Japan,VIP
ATT00785,Linda,Jones,linda.jones@cloudtech.com,Software Inc,Australia,VIP
ATT00786,David,Harris,david.harris@cloudtech.com,Dev Enterprise,Australia,VIP
ATT00787,James,Davis,james.davis@cloudtech.com,Tech Corp,USA,Speaker
ATT00788,Patricia,Moore,patricia.moore@smartsolutions.com,Cloud Tech,UK,Speaker
ATT00789,Oliver,White,oliver.white@smartsolutions.com,Data Systems,Canada,Regular
ATT00790,Noah,Martinez,noah.martinez@globalsystems.com,Tech Corp,Sweden,Early Bird
ATT00791,Mary,Jones,mary.jones@innovationlabs.com,Tech Corp,Canada,Speaker
ATT00792,Oliver,Thompson,oliver.thompson@digitalsolutions.com,Dev Enterprise,Sweden,Speaker
ATT00793,Oliver,Thompson,oliver.thompson@techcorp.com,Innovation Labs,Sweden,Early Bird
ATT00794,Jennifer,Jackson,jennifer.jackson@digitalsolutions.com,Tech Corp,Netherlands,Student
ATT00795,Michael,Harris,michael.harris@smartsolutions.com,Data Systems,Japan,Early Bird
ATT00796,Emma,Brown,emma.brown@cloudtech.com,Smart Solutions,UK,Student
ATT00797,Mary,Davis,mary.davis@futuretech.com,Data Systems,UK,Early Bird
ATT00798,Linda,Thomas,linda.thomas@innovationlabs.com,Global Systems,Sweden,Student
ATT00799,Olivia,Smith,olivia.smith@cloudtech.com,Global Systems,USA,Student
ATT00800,William,Brown,william.brown@innovationlabs.com,Tech Corp,Singapore,Regular
ATT00801,Alexander,Brown,alexander.brown@datasystems.com,Innovation Labs,Canada,Early Bird
ATT00802,Barbara,Anderson,barbara.anderson@digitalsolutions.com,Dev Enterprise,Japan,VIP
ATT00803,Robert,Johnson,robert.johnson@futuretech.com,Tech Corp,Sweden,Speaker
ATT00804,Michael,Rodriguez,michael.rodriguez@techcorp.com,Tech Corp,USA,VIP
ATT00805,Olivia,Martinez,olivia.martinez@digitalsolutions.com,Future Tech,Singapore,Speaker
ATT00806,Noah,Martin,noah.martin@digitalsolutions.com,Digital Solutions,Japan,Student
ATT00807,Mary,Johnson,mary.johnson@cloudtech.com,Software Inc,Japan,Regular
ATT00808,Elizabeth,Jackson,elizabeth.jackson@digitalsolutions.com,Tech Corp,Germany,Early Bird
ATT00809,Noah,Lee,noah.lee@deventerprise.com,Dev Enterprise,Canada,Regular
ATT00810,Alexander,Martinez,alexander.martinez@futuretech.com,Global Systems,Netherlands,Student
ATT00811,Michael,Martin,michael.martin@innovationlabs.com,Tech Corp,Australia,Speaker
ATT00812,Jennifer,Miller,jennifer.miller@techcorp.com,Digital Solutions,Netherlands,Early Bird
ATT00813,Elizabeth,Williams,elizabeth.williams@cloudtech.com,Dev Enterprise,USA,Speaker
ATT00814,Olivia,Lee,olivia.lee@globalsystems.com,Software Inc,France,Regular
ATT00815,John,Lee,john.lee@globalsystems.com,Future Tech,Canada,Early Bird
ATT00816,Michael,Lee,michael.lee@deventerprise.com,Tech Corp,Japan,VIP
ATT00817,James,Davis,james.davis@innovationlabs.com,Data Systems,Singapore,VIP
ATT00818,Robert,Jones,robert.jones@datasystems.com,Smart Solutions,USA,VIP
ATT00819,Mary,Rodriguez,mary.rodriguez@futuretech.com,Future Tech,France,Speaker
ATT00820,John,Jones,john.jones@innovationlabs.com,Tech Corp,Germany,Speaker
ATT00821,Ava,Martin,ava.martin@globalsystems.com,Innovation Labs,France,Regular
ATT00822,Ava,Smith,ava.smith@techcorp.com,Cloud Tech,Sweden,Speaker
ATT00823,Patricia,Taylor,patricia.taylor@smartsolutions.com,Dev Enterprise,France,Speaker
ATT00824,John,Lee,john.lee@innovationlabs.com,Smart Solutions,Singapore,Early Bird
ATT00825,Liam,Brown,liam.brown@futuretech.com,Tech Corp,Singapore,Student
ATT00826,Alexander,Jones,alexander.jones@softwareinc.com,Digital Solutions,Singapore,Speaker
ATT00827,Olivia,Garcia,olivia.garcia@datasystems.com,Tech Corp,USA,Early Bird
ATT00828,Emma,Smith,emma.smith@cloudtech.com,Tech Corp,Singapore,Early Bird
ATT00829,Emma,Miller,emma.miller@globalsystems.com,Smart Solutions,Netherlands,Speaker
ATT00830,David,Miller,david.miller@digitalsolutions.com,Future Tech,France,Student
ATT00831,Elizabeth,Williams,elizabeth.williams@innovationlabs.com,Smart Solutions,Germany,Early Bird
ATT00832,Liam,Johnson,liam.johnson@futuretech.com,Innovation Labs,Australia,Speaker
ATT00833,Barbara,Moore,barbara.moore@innovationlabs.com,Global Systems,France,Speaker
ATT00834,Linda,Thomas,linda.thomas@smartsolutions.com,Dev Enterprise,Canada,Student
ATT00835,Sophia,Miller,sophia.miller@softwareinc.com,Dev Enterprise,UK,Speaker
ATT00836,Alexander,Taylor,alexander.taylor@smartsolutions.com,Smart Solutions,UK,Regular
ATT00837,William,Moore,william.moore@smartsolutions.com,Digital Solutions,USA,Regular
ATT00838,Mary,Thompson,mary.thompson@smartsolutions.com,Cloud Tech,Germany,VIP
ATT00839,Elizabeth,Smith,elizabeth.smith@cloudtech.com,Future Tech,UK,Regular
ATT00840,Emma,Moore,emma.moore@smartsolutions.com,Global Systems,USA,Student
ATT00841,Oliver,Moore,oliver.moore@smartsolutions.com,Dev Enterprise,Netherlands,VIP
ATT00842,Liam,Harris,liam.harris@smartsolutions.com,Cloud Tech,Canada,VIP
ATT00843,Liam,Jones,liam.jones@deventerprise.com,Global Systems,Australia,Early Bird
ATT00844,Robert,Jackson,robert.jackson@digitalsolutions.com,Digital Solutions,Japan,Early Bird
ATT00845,Jennifer,Williams,jennifer.williams@globalsystems.com,Global Systems,Germany,Regular
ATT00846,Linda,Davis,linda.davis@globalsystems.com,Global Systems,Australia,Regular
ATT00847,Noah,Jones,noah.jones@techcorp.com,Dev Enterprise,Canada,Regular
ATT00848,Ava,Garcia,ava.garcia@datasystems.com,Future Tech,UK,VIP
ATT00849,Noah,Jackson,noah.jackson@smartsolutions.com,Dev Enterprise,Sweden,Student
ATT00850,William,Brown,william.brown@deventerprise.com,Future Tech,Sweden,VIP
ATT00851,Ava,Garcia,ava.garcia@deventerprise.com,Data Systems,France,Regular
ATT00852,Jennifer,Martinez,jennifer.martinez@datasystems.com,Smart Solutions,Canada,Speaker
ATT00853,Alexander,Jones,alexander.jones@smartsolutions.com,Future Tech,USA,VIP
ATT00854,William,White,william.white@digitalsolutions.com,Smart Solutions,Japan,VIP
ATT00855,Ava,Williams,ava.williams@futuretech.com,Tech Corp,Germany,Early Bird
ATT00856,Emma,Thompson,emma.thompson@softwareinc.com,Future Tech,USA,Early Bird
ATT00857,James,Williams,james.williams@softwareinc.com,Global Systems,Japan,Student
ATT00858,Olivia,Smith,olivia.smith@smartsolutions.com,Dev Enterprise,France,Speaker
ATT00859,Michael,Martinez,michael.martinez@innovationlabs.com,Tech Corp,Canada,Student
ATT00860,Barbara,Smith,barbara.smith@techcorp.com,Future Tech,Netherlands,Speaker
ATT00861,Emma,Jackson,emma.jackson@datasystems.com,Global Systems,UK,Early Bird
ATT00862,Michael,Miller,michael.miller@cloudtech.com,Tech Corp,USA,Speaker
ATT00863,Noah,Thomas,noah.thomas@innovationlabs.com,Smart Solutions,Netherlands,Speaker
ATT00864,Jennifer,Martin,jennifer.martin@datasystems.com,Software Inc,France,VIP
ATT00865,Elizabeth,Smith,elizabeth.smith@cloudtech.com,Smart Solutions,Japan,Student
ATT00866,Liam,Thompson,liam.thompson@smartsolutions.com,Global Systems,Netherlands,Speaker
ATT00867,David,Thomas,david.thomas@techcorp.com,Digital Solutions,Japan,Student
ATT00868,Olivia,Miller,olivia.miller@futuretech.com,Digital Solutions,Germany,VIP
ATT00869,Olivia,Smith,olivia.smith@cloudtech.com,Dev Enterprise,Australia,Regular
ATT00870,Olivia,Taylor,olivia.taylor@futuretech.com,Innovation Labs,Singapore,Speaker
ATT00871,Noah,Anderson,noah.anderson@deventerprise.com,Dev Enterprise,Australia,Speaker
ATT00872,Mary,Miller,mary.miller@digitalsolutions.com,Tech Corp,Netherlands,Regular
ATT00873,Michael,Thompson,michael.thompson@softwareinc.com,Software Inc,Netherlands,Speaker
ATT00874,William,Thomas,william.thomas@digitalsolutions.com,Data Systems,Sweden,Regular
ATT00875,Noah,White,noah.white@softwareinc.com,Global Systems,Germany,VIP
ATT00876,Patricia,Martin,patricia.martin@digitalsolutions.com,Innovation Labs,Canada,Early Bird
ATT00877,Liam,Lee,liam.lee@digitalsolutions.com,Dev Enterprise,Japan,VIP
ATT00878,Oliver,Thomas,oliver.thomas@globalsystems.com,Smart Solutions,Singapore,Student
ATT00879,William,Thompson,william.thompson@innovationlabs.com,Tech Corp,Germany,Student
ATT00880,Jennifer,Taylor,jennifer.taylor@futuretech.com,Software Inc,France,VIP
ATT00881,Oliver,Jackson,oliver.jackson@globalsystems.com,Smart Solutions,Australia,Speaker
ATT00882,David,Taylor,david.taylor@datasystems.com,Digital Solutions,UK,Regular
ATT00883,Robert,Lee,robert.lee@deventerprise.com,Data Systems,France,VIP
ATT00884,Noah,White,noah.white@smartsolutions.com,Software Inc,Sweden,Early Bird
ATT00885,David,Smith,david.smith@deventerprise.com,Future Tech,Canada,VIP
ATT00886,Patricia,Brown,patricia.brown@futuretech.com,Smart Solutions,Singapore,Speaker
ATT00887,Olivia,Taylor,olivia.taylor@deventerprise.com,Innovation Labs,Japan,Early Bird
ATT00888,Robert,Davis,robert.davis@techcorp.com,Data Systems,France,Regular
ATT00889,William,Miller,william.miller@futuretech.com,Data Systems,Canada,Speaker
ATT00890,Liam,Brown,liam.brown@cloudtech.com,Data Systems,UK,VIP
ATT00891,Mary,Martin,mary.martin@cloudtech.com,Digital Solutions,Singapore,Speaker
ATT00892,John,Miller,john.miller@globalsystems.com,Tech Corp,Netherlands,Speaker
ATT00893,John,Thompson,john.thompson@softwareinc.com,Software Inc,Sweden,Speaker
ATT00894,William,Jackson,william.jackson@futuretech.com,Data Systems,Canada,Speaker
ATT00895,Oliver,Davis,oliver.davis@smartsolutions.com,Data Systems,Japan,Regular
ATT00896,Sophia,Thompson,sophia.thompson@softwareinc.com,Data Systems,Sweden,Early Bird
ATT00897,John,Thompson,john.thompson@futuretech.com,Cloud Tech,Australia,Speaker
ATT00898,Patricia,Johnson,patricia.johnson@digitalsolutions.com,Dev Enterprise,Germany,Student
ATT00899,Michael,Martin,michael.martin@datasystems.com,Future Tech,Australia,VIP
ATT00900,Liam,Jones,liam.jones@datasystems.com,Digital Solutions,USA,Early Bird
ATT00901,Jennifer,Smith,jennifer.smith@cloudtech.com,Digital Solutions,Australia,Speaker
ATT00902,William,Williams,william.williams@softwareinc.com,Innovation Labs,Sweden,Student
ATT00903,Mary,Thompson,mary.thompson@smartsolutions.com,Digital Solutions,Singapore,Student
ATT00904,John,Rodriguez,john.rodriguez@techcorp.com,Innovation Labs,Canada,Speaker
ATT00905,Patricia,Brown,patricia.brown@globalsystems.com,Cloud Tech,Australia,Student
ATT00906,Barbara,Johnson,barbara.johnson@techcorp.com,Smart Solutions,Sweden,VIP
ATT00907,Emma,Brown,emma.brown@globalsystems.com,Global Systems,France,Early Bird
ATT00908,Olivia,Davis,olivia.davis@techcorp.com,Digital Solutions,USA,Early Bird
ATT00909,Elizabeth,Rodriguez,elizabeth.rodriguez@innovationlabs.com,Global Systems,Sweden,VIP
ATT00910,Linda,Garcia,linda.garcia@cloudtech.com,Innovation Labs,Australia,Regular
ATT00911,Michael,Moore,michael.moore@cloudtech.com,Future Tech,Germany,Regular
ATT00912,John,Anderson,john.anderson@cloudtech.com,Smart Solutions,UK,Speaker
ATT00913,Noah,Moore,noah.moore@datasystems.com,Global Systems,Japan,Early Bird
ATT00914,Linda,Williams,linda.williams@digitalsolutions.com,Digital Solutions,Singapore,Early Bird
ATT00915,Ava,Smith,ava.smith@futuretech.com,Smart Solutions,Japan,Early Bird
ATT00916,Patricia,Jones,patricia.jones@smartsolutions.com,Smart Solutions,Australia,Speaker
ATT00917,Olivia,Smith,olivia.smith@innovationlabs.com,Global Systems,Singapore,Speaker
ATT00918,Barbara,Jackson,barbara.jackson@globalsystems.com,Future Tech,Japan,Early Bird
ATT00919,Jennifer,Lee,jennifer.lee@cloudtech.com,Dev Enterprise,Sweden,VIP
ATT00920,Robert,Davis,robert.davis@digitalsolutions.com,Smart Solutions,France,Speaker
ATT00921,Barbara,Moore,barbara.moore@deventerprise.com,Innovation Labs,UK,Speaker
ATT00922,Liam,Davis,liam.davis@softwareinc.com,Tech Corp,Australia,Speaker
ATT00923,Jennifer,Lee,jennifer.lee@innovationlabs.com,Software Inc,Germany,Early Bird
ATT00924,John,Martin,john.martin@smartsolutions.com,Global Systems,Netherlands,VIP
ATT00925,Mary,Taylor,mary.taylor@datasystems.com,Innovation Labs,Germany,Early Bird
ATT00926,Patricia,Anderson,patricia.anderson@datasystems.com,Cloud Tech,Sweden,Student
ATT00927,Jennifer,Moore,jennifer.moore@futuretech.com,Dev Enterprise,USA,Early Bird
ATT00928,Elizabeth,Williams,elizabeth.williams@datasystems.com,Digital Solutions,France,Early Bird
ATT00929,Jennifer,Williams,jennifer.williams@digitalsolutions.com,Cloud Tech,Sweden,Student
ATT00930,Olivia,Moore,olivia.moore@techcorp.com,Cloud Tech,USA,Student
ATT00931,Emma,Moore,emma.moore@deventerprise.com,Future Tech,UK,Speaker
ATT00932,Elizabeth,Martin,elizabeth.martin@datasystems.com,Innovation Labs,Canada,VIP
ATT00933,Emma,Anderson,emma.anderson@softwareinc.com,Data Systems,Canada,VIP
ATT00934,William,Anderson,william.anderson@globalsystems.com,Digital Solutions,Australia,VIP
ATT00935,Robert,Martinez,robert.martinez@futuretech.com,Smart Solutions,Australia,Regular
ATT00936,Liam,Harris,liam.harris@cloudtech.com,Data Systems,France,Regular
ATT00937,Linda,Johnson,linda.johnson@innovationlabs.com,Software Inc,Germany,VIP
ATT00938,Jennifer,Martin,jennifer.martin@techcorp.com,Future Tech,UK,Regular
ATT00939,Noah,Moore,noah.moore@deventerprise.com,Dev Enterprise,Japan,Student
ATT00940,Liam,Thompson,liam.thompson@deventerprise.com,Tech Corp,USA,Early Bird
ATT00941,Liam,Davis,liam.davis@digitalsolutions.com,Software Inc,Canada,Regular
ATT00942,Ava,Williams,ava.williams@datasystems.com,Software Inc,Canada,Student
ATT00943,David,Williams,david.williams@digitalsolutions.com,Software Inc,Sweden,VIP
ATT00944,Sophia,Taylor,sophia.taylor@futuretech.com,Future Tech,USA,Early Bird
ATT00945,Robert,Jones,robert.jones@techcorp.com,Innovation Labs,Germany,VIP
ATT00946,Michael,Jones,michael.jones@softwareinc.com,Future Tech,France,Early Bird
ATT00947,Sophia,Miller,sophia.miller@softwareinc.com,Tech Corp,Netherlands,Regular
ATT00948,Elizabeth,Garcia,elizabeth.garcia@smartsolutions.com,Future Tech,France,Early Bird
ATT00949,Mary,Jones,mary.jones@digitalsolutions.com,Innovation Labs,Japan,Early Bird
ATT00950,Alexander,Davis,alexander.davis@deventerprise.com,Innovation Labs,Sweden,Speaker
ATT00951,Olivia,Miller,olivia.miller@datasystems.com,Digital Solutions,UK,Speaker
ATT00952,Patricia,Williams,patricia.williams@techcorp.com,Cloud Tech,USA,Speaker
ATT00953,John,Thomas,john.thomas@deventerprise.com,Software Inc,Japan,Student
ATT00954,Mary,Moore,mary.moore@smartsolutions.com,Tech Corp,Australia,Student
ATT00955,Linda,Williams,linda.williams@deventerprise.com,Data Systems,Sweden,Early Bird
ATT00956,David,Davis,david.davis@techcorp.com,Future Tech,Sweden,Speaker
ATT00957,Emma,Davis,emma.davis@digitalsolutions.com,Future Tech,Sweden,Student
ATT00958,Robert,Anderson,robert.anderson@globalsystems.com,Tech Corp,France,Early Bird
ATT00959,Olivia,Thompson,olivia.thompson@techcorp.com,Global Systems,Sweden,Student
ATT00960,Liam,Jackson,liam.jackson@futuretech.com,Future Tech,Sweden,Early Bird
ATT00961,Oliver,Taylor,oliver.taylor@softwareinc.com,Digital Solutions,Japan,Early Bird
ATT00962,Oliver,Johnson,oliver.johnson@softwareinc.com,Digital Solutions,Sweden,Early Bird
ATT00963,Robert,Davis,robert.davis@smartsolutions.com,Smart Solutions,Australia,Early Bird
ATT00964,John,Thomas,john.thomas@softwareinc.com,Data Systems,Canada,Early Bird
ATT00965,Olivia,Miller,olivia.miller@digitalsolutions.com,Data Systems,Japan,VIP
ATT00966,Robert,Harris,robert.harris@cloudtech.com,Data Systems,Japan,Regular
ATT00967,Linda,Lee,linda.lee@datasystems.com,Smart Solutions,Sweden,Regular
ATT00968,Elizabeth,Martinez,elizabeth.martinez@datasystems.com,Dev Enterprise,Netherlands,VIP
ATT00969,Sophia,Martin,sophia.martin@globalsystems.com,Digital Solutions,UK,VIP
ATT00970,Oliver,Martin,oliver.martin@cloudtech.com,Dev Enterprise,Canada,Speaker
ATT00971,Ava,White,ava.white@smartsolutions.com,Global Systems,Netherlands,VIP
ATT00972,Michael,Jackson,michael.jackson@cloudtech.com,Future Tech,Canada,Student
ATT00973,Emma,Rodriguez,emma.rodriguez@deventerprise.com,Innovation Labs,Japan,Regular
ATT00974,Elizabeth,Garcia,elizabeth.garcia@digitalsolutions.com,Global Systems,Netherlands,Early Bird
ATT00975,David,Jackson,david.jackson@cloudtech.com,Smart Solutions,UK,Student
ATT00976,Emma,Thomas,emma.thomas@datasystems.com,Dev Enterprise,Canada,Speaker
ATT00977,Sophia,Davis,sophia.davis@smartsolutions.com,Global Systems,France,Student
ATT00978,Emma,Johnson,emma.johnson@innovationlabs.com,Data Systems,Canada,VIP
ATT00979,David,White,david.white@futuretech.com,Digital Solutions,Canada,Speaker
ATT00980,Linda,Lee,linda.lee@softwareinc.com,Global Systems,Sweden,Student
ATT00981,Liam,White,liam.white@futuretech.com,Digital Solutions,Sweden,Regular
ATT00982,Michael,Davis,michael.davis@smartsolutions.com,Dev Enterprise,USA,Speaker
ATT00983,Noah,Thompson,noah.thompson@innovationlabs.com,Dev Enterprise,Canada,Student
ATT00984,Patricia,Jackson,patricia.jackson@innovationlabs.com,Future Tech,Singapore,Speaker
ATT00985,Noah,Martin,noah.martin@digitalsolutions.com,Digital Solutions,Germany,Regular
ATT00986,Olivia,Moore,olivia.moore@cloudtech.com,Data Systems,UK,VIP
ATT00987,Michael,Brown,michael.brown@softwareinc.com,Innovation Labs,Australia,Speaker
ATT00988,Barbara,Williams,barbara.williams@smartsolutions.com,Digital Solutions,Japan,Early Bird
ATT00989,Sophia,Martinez,sophia.martinez@deventerprise.com,Smart Solutions,Singapore,Early Bird
ATT00990,Sophia,Williams,sophia.williams@innovationlabs.com,Data Systems,Netherlands,Early Bird
ATT00991,Noah,Garcia,noah.garcia@datasystems.com,Innovation Labs,Netherlands,Speaker
ATT00992,James,Jones,james.jones@cloudtech.com,Global Systems,Singapore,VIP
ATT00993,Ava,Harris,ava.harris@innovationlabs.com,Future Tech,Japan,Speaker
ATT00994,Patricia,Davis,patricia.davis@cloudtech.com,Dev Enterprise,France,Early Bird
ATT00995,Linda,Garcia,linda.garcia@futuretech.com,Digital Solutions,Canada,Regular
ATT00996,David,Garcia,david.garcia@deventerprise.com,Software Inc,Singapore,Early Bird
ATT00997,Michael,Garcia,michael.garcia@cloudtech.com,Future Tech,Netherlands,Student
ATT00998,Robert,Lee,robert.lee@datasystems.com,Smart Solutions,Sweden,Regular
ATT00999,Michael,Johnson,michael.johnson@datasystems.com,Dev Enterprise,Netherlands,Student
ATT01000,Michael,Lee,michael.lee@softwareinc.com,Innovation Labs,Australia,VIP